{
  "parent": "item/templates/chestplate",
  "textures": {
    "all": "entity/equipment/humanoid/gold"
  },
    "overrides": [
      {
        "model": "item/trims/golden_chestplate_quartz_trim",
        "predicate": {
          "trim_type": 0.1
        }
      },
      {
        "model": "item/trims/golden_chestplate_iron_trim",
        "predicate": {
          "trim_type": 0.2
        }
      },
      {
        "model": "item/trims/golden_chestplate_netherite_trim",
        "predicate": {
          "trim_type": 0.3
        }
      },
      {
        "model": "item/trims/golden_chestplate_redstone_trim",
        "predicate": {
          "trim_type": 0.4
        }
      },
      {
        "model": "item/trims/golden_chestplate_copper_trim",
        "predicate": {
          "trim_type": 0.5
        }
      },
      {
        "model": "item/trims/golden_chestplate_gold_trim",
        "predicate": {
          "trim_type": 0.6
        }
      },
      {
        "model": "item/trims/golden_chestplate_emerald_trim",
        "predicate": {
          "trim_type": 0.7
        }
      },
      {
        "model": "item/trims/golden_chestplate_diamond_trim",
        "predicate": {
          "trim_type": 0.8
        }
      },
      {
        "model": "item/trims/golden_chestplate_lapis_trim",
        "predicate": {
          "trim_type": 0.9
        }
      },
      {
        "model": "item/trims/golden_chestplate_amethyst_trim",
        "predicate": {
          "trim_type": 1.0
      }
    }
  ]
}