{
  "parent": "item/templates/boots",
  "textures": {
    "all": "entity/equipment/humanoid/gold"  
  },
    "overrides": [
      {
        "model": "item/trims/golden_boots_quartz_trim",
        "predicate": {
          "trim_type": 0.1
        }
      },
      {
        "model": "item/trims/golden_boots_iron_trim",
        "predicate": {
          "trim_type": 0.2
        }
      },
      {
        "model": "item/trims/golden_boots_netherite_trim",
        "predicate": {
          "trim_type": 0.3
        }
      },
      {
        "model": "item/trims/golden_boots_redstone_trim",
        "predicate": {
          "trim_type": 0.4
        }
      },
      {
        "model": "item/trims/golden_boots_copper_trim",
        "predicate": {
          "trim_type": 0.5
        }
      },
      {
        "model": "item/trims/golden_boots_gold_trim",
        "predicate": {
          "trim_type": 0.6
        }
      },
      {
        "model": "item/trims/golden_boots_emerald_trim",
        "predicate": {
          "trim_type": 0.7
        }
      },
      {
        "model": "item/trims/golden_boots_diamond_trim",
        "predicate": {
          "trim_type": 0.8
        }
      },
      {
        "model": "item/trims/golden_boots_lapis_trim",
        "predicate": {
          "trim_type": 0.9
        }
      },
      {
        "model": "item/trims/golden_boots_amethyst_trim",
        "predicate": {
          "trim_type": 1.0
      }
    }
  ]
}