{
  "parent": "item/templates/leggings",
  "textures": {
    "all": "entity/equipment/humanoid_leggings/gold"
  },
    "overrides": [
      {
        "model": "item/trims/golden_leggings_quartz_trim",
        "predicate": {
          "trim_type": 0.1
        }
      },
      {
        "model": "item/trims/golden_leggings_iron_trim",
        "predicate": {
          "trim_type": 0.2
        }
      },
      {
        "model": "item/trims/golden_leggings_netherite_trim",
        "predicate": {
          "trim_type": 0.3
        }
      },
      {
        "model": "item/trims/golden_leggings_redstone_trim",
        "predicate": {
          "trim_type": 0.4
        }
      },
      {
        "model": "item/trims/golden_leggings_copper_trim",
        "predicate": {
          "trim_type": 0.5
        }
      },
      {
        "model": "item/trims/golden_leggings_gold_trim",
        "predicate": {
          "trim_type": 0.6
        }
      },
      {
        "model": "item/trims/golden_leggings_emerald_trim",
        "predicate": {
          "trim_type": 0.7
        }
      },
      {
        "model": "item/trims/golden_leggings_diamond_trim",
        "predicate": {
          "trim_type": 0.8
        }
      },
      {
        "model": "item/trims/golden_leggings_lapis_trim",
        "predicate": {
          "trim_type": 0.9
        }
      },
      {
        "model": "item/trims/golden_leggings_amethyst_trim",
        "predicate": {
          "trim_type": 1.0
      }
    }
  ]
}