{
  "parent": "item/templates/leggings_tinted",
  "textures": {
    "all": "entity/equipment/humanoid_leggings/leather",
    "overlay": "entity/equipment/humanoid_leggings/leather_overlay"
  },
  "overrides": [
    {
      "model": "item/trims/leather_leggings_quartz_trim",
      "predicate": {
        "trim_type": 0.1
      }
    },
    {
      "model": "item/trims/leather_leggings_iron_trim",
      "predicate": {
        "trim_type": 0.2
      }
    },
    {
      "model": "item/trims/leather_leggings_netherite_trim",
      "predicate": {
        "trim_type": 0.3
      }
    },
    {
      "model": "item/trims/leather_leggings_redstone_trim",
      "predicate": {
        "trim_type": 0.4
      }
    },
    {
      "model": "item/trims/leather_leggings_copper_trim",
      "predicate": {
        "trim_type": 0.5
      }
    },
    {
      "model": "item/trims/leather_leggings_gold_trim",
      "predicate": {
        "trim_type": 0.6
      }
    },
    {
      "model": "item/trims/leather_leggings_emerald_trim",
      "predicate": {
        "trim_type": 0.7
      }
    },
    {
      "model": "item/trims/leather_leggings_diamond_trim",
      "predicate": {
        "trim_type": 0.8
      }
    },
    {
      "model": "item/trims/leather_leggings_lapis_trim",
      "predicate": {
        "trim_type": 0.9
      }
    },
    {
      "model": "item/trims/leather_leggings_amethyst_trim",
      "predicate": {
        "trim_type": 1.0
      }
    } 
  ]
}