{
	"parent": "item/templates/horse_armor",
	"texture_size": [64, 64],
	"textures": {
		"horse_armor": "entity/equipment/horse_body/leather",
		"particle": "#horse_armor"
	},
	"elements": [
		{
			"name": "head",
			"from": [4.9, 22.19193, -8.02999],
			"to": [11.1, 27.39193, -0.82999],
			"rotation": {"angle": -22.5, "axis": "x", "origin": [8, 24.79193, -4.42999]},
			"faces": {
				"north": {"uv": [1.75, 5, 3.25, 6.25], "texture": "#horse_armor", "tintindex": 0},
				"east": {"uv": [0, 5, 1.75, 6.25], "texture": "#horse_armor", "tintindex": 0},
				"south": {"uv": [5, 5, 6.5, 6.25], "texture": "#horse_armor", "tintindex": 0},
				"west": {"uv": [3.25, 5, 5, 6.25], "texture": "#horse_armor", "tintindex": 0},
				"up": {"uv": [3.25, 5, 1.75, 3.25], "texture": "#horse_armor", "tintindex": 0},
				"down": {"uv": [4.75, 3.25, 3.25, 5], "texture": "#horse_armor", "tintindex": 0}
			}
		},
		{
			"name": "mouth",
			"from": [5.9, 19.89583, -12.57327],
			"to": [10.1, 25.09583, -7.37327],
			"rotation": {"angle": -22.5, "axis": "x", "origin": [8, 22.49583, -9.97327]},
			"faces": {
				"north": {"uv": [1.25, 7.5, 2.25, 8.75], "texture": "#horse_armor", "tintindex": 0},
				"east": {"uv": [0, 7.5, 1.25, 8.75], "texture": "#horse_armor", "tintindex": 0},
				"south": {"uv": [3.5, 7.5, 4.5, 8.75], "texture": "#horse_armor", "tintindex": 0},
				"west": {"uv": [2.25, 7.5, 3.5, 8.75], "texture": "#horse_armor", "tintindex": 0},
				"up": {"uv": [2.25, 7.5, 1.25, 6.25], "texture": "#horse_armor", "tintindex": 0},
				"down": {"uv": [3.25, 6.25, 2.25, 7.5], "texture": "#horse_armor", "tintindex": 0}
			}
		},
		{
			"name": "left_ear",
			"from": [5.45, 27.45242, -2.58854],
			"to": [7.45, 30.45242, -1.58854],
			"rotation": {"angle": -22.5, "axis": "x", "origin": [6.45, 26.95242, -2.08854]},
			"faces": {
				"north": {"uv": [5, 4.25, 5.5, 5], "texture": "#horse_armor", "tintindex": 0},
				"east": {"uv": [4.75, 4.25, 5, 5], "texture": "#horse_armor", "tintindex": 0},
				"south": {"uv": [5.75, 4.25, 6.25, 5], "texture": "#horse_armor", "tintindex": 0},
				"west": {"uv": [5.5, 4.25, 5.75, 5], "texture": "#horse_armor", "tintindex": 0},
				"up": {"uv": [5.5, 4.25, 5, 4], "texture": "#horse_armor", "tintindex": 0},
				"down": {"uv": [6, 4, 5.5, 4.25], "texture": "#horse_armor", "tintindex": 0}
			}
		},
		{
			"name": "right_ear",
			"from": [8.55, 27.45242, -2.58854],
			"to": [10.55, 30.45242, -1.58854],
			"rotation": {"angle": -22.5, "axis": "x", "origin": [9.55, 26.95242, -2.08854]},
			"faces": {
				"north": {"uv": [5, 4.25, 5.5, 5], "texture": "#horse_armor", "tintindex": 0},
				"east": {"uv": [4.75, 4.25, 5, 5], "texture": "#horse_armor", "tintindex": 0},
				"south": {"uv": [5.75, 4.25, 6.25, 5], "texture": "#horse_armor", "tintindex": 0},
				"west": {"uv": [5.5, 4.25, 5.75, 5], "texture": "#horse_armor", "tintindex": 0},
				"up": {"uv": [5.5, 4.25, 5, 4], "texture": "#horse_armor", "tintindex": 0},
				"down": {"uv": [6, 4, 5.5, 4.25], "texture": "#horse_armor", "tintindex": 0}
			}
		},
		{
			"name": "neck",
			"from": [6.05, 11.95522, -5.09813],
			"to": [10.05, 23.95522, 1.90187],
			"rotation": {"angle": -22.5, "axis": "x", "origin": [8.05, 17.95522, -1.59813]},
			"faces": {
				"north": {"uv": [1.75, 10.5, 2.75, 13.5], "texture": "#horse_armor", "tintindex": 0},
				"east": {"uv": [0, 10.5, 1.75, 13.5], "texture": "#horse_armor", "tintindex": 0},
				"south": {"uv": [4.5, 10.5, 5.5, 13.5], "texture": "#horse_armor", "tintindex": 0},
				"west": {"uv": [2.75, 10.5, 4.5, 13.5], "texture": "#horse_armor", "tintindex": 0},
				"up": {"uv": [2.75, 10.5, 1.75, 8.75], "texture": "#horse_armor", "tintindex": 0},
				"down": {"uv": [3.75, 8.75, 2.75, 10.5], "texture": "#horse_armor", "tintindex": 0}
			}
		},
		{
			"name": "mane",
			"from": [6.9, 13.33267, 0.73223],
			"to": [9.1, 29.53267, 2.93223],
			"rotation": {"angle": -22.5, "axis": "x", "origin": [8, 21.43267, 1.83223]},
			"faces": {
				"north": {"uv": [14.5, 9.5, 15, 13.5], "texture": "#horse_armor", "tintindex": 0},
				"east": {"uv": [14, 9.5, 14.5, 13.5], "texture": "#horse_armor", "tintindex": 0},
				"south": {"uv": [15.5, 9.5, 16, 13.5], "texture": "#horse_armor", "tintindex": 0},
				"west": {"uv": [15, 9.5, 15.5, 13.5], "texture": "#horse_armor", "tintindex": 0},
				"up": {"uv": [15, 9.5, 14.5, 9], "texture": "#horse_armor", "tintindex": 0},
				"down": {"uv": [15.5, 9, 15, 9.5], "texture": "#horse_armor", "tintindex": 0}
			}
		},
		{
			"name": "body",
			"from": [2.95, 6.95, -3.05],
			"to": [13.05, 17.05, 19.05],
			"rotation": {"angle": 0, "axis": "y", "origin": [8, 12, 8]},
			"faces": {
				"north": {"uv": [5.5, 13.5, 8, 16], "texture": "#horse_armor", "tintindex": 0},
				"east": {"uv": [0, 13.5, 5.5, 16], "texture": "#horse_armor", "tintindex": 0},
				"south": {"uv": [13.5, 13.5, 16, 16], "texture": "#horse_armor", "tintindex": 0},
				"west": {"uv": [8, 13.5, 13.5, 16], "texture": "#horse_armor", "tintindex": 0},
				"up": {"uv": [8, 13.5, 5.5, 8], "texture": "#horse_armor", "tintindex": 0},
				"down": {"uv": [10.5, 8, 8, 13.5], "texture": "#horse_armor", "tintindex": 0}
			}
		},
		{
			"name": "tail",
			"from": [6.4, 2.9, 18.9],
			"to": [9.6, 17.1, 23.1],
			"rotation": {"angle": 0, "axis": "y", "origin": [8, 10, 21]},
			"faces": {
				"north": {"uv": [11.5, 10, 12.25, 13.5], "texture": "#horse_armor", "tintindex": 0},
				"east": {"uv": [10.5, 10, 11.5, 13.5], "texture": "#horse_armor", "tintindex": 0},
				"south": {"uv": [13.25, 10, 14, 13.5], "texture": "#horse_armor", "tintindex": 0},
				"west": {"uv": [12.25, 10, 13.25, 13.5], "texture": "#horse_armor", "tintindex": 0},
				"up": {"uv": [12.25, 10, 11.5, 9], "texture": "#horse_armor", "tintindex": 0},
				"down": {"uv": [13, 9, 12.25, 10], "texture": "#horse_armor", "tintindex": 0}
			}
		},
		{
			"name": "front_left_leg",
			"from": [2.9, -4.1, -3],
			"to": [7.1, 7.1, 1.2],
			"rotation": {"angle": 0, "axis": "y", "origin": [5, 1.5, -0.9]},
			"faces": {
				"north": {"uv": [14, 6.25, 13, 9], "texture": "#horse_armor", "tintindex": 0},
				"east": {"uv": [15, 6.25, 14, 9], "texture": "#horse_armor", "tintindex": 0},
				"south": {"uv": [16, 6.25, 15, 9], "texture": "#horse_armor", "tintindex": 0},
				"west": {"uv": [13, 6.25, 12, 9], "texture": "#horse_armor", "tintindex": 0},
				"up": {"uv": [13, 6.25, 14, 5.25], "texture": "#horse_armor", "tintindex": 0},
				"down": {"uv": [14, 5.25, 15, 6.25], "texture": "#horse_armor", "tintindex": 0}
			}
		},
		{
			"name": "front_right_leg",
			"from": [8.9, -4.1, -3],
			"to": [13.1, 7.1, 1.2],
			"rotation": {"angle": 0, "axis": "y", "origin": [11, 1.5, -0.9]},
			"faces": {
				"north": {"uv": [13, 6.25, 14, 9], "texture": "#horse_armor", "tintindex": 0},
				"east": {"uv": [12, 6.25, 13, 9], "texture": "#horse_armor", "tintindex": 0},
				"south": {"uv": [15, 6.25, 16, 9], "texture": "#horse_armor", "tintindex": 0},
				"west": {"uv": [14, 6.25, 15, 9], "texture": "#horse_armor", "tintindex": 0},
				"up": {"uv": [14, 6.25, 13, 5.25], "texture": "#horse_armor", "tintindex": 0},
				"down": {"uv": [15, 5.25, 14, 6.25], "texture": "#horse_armor", "tintindex": 0}
			}
		},
		{
			"name": "back_left_leg",
			"from": [2.9, -4.1, 14.9],
			"to": [7.1, 7.1, 19.1],
			"rotation": {"angle": 0, "axis": "y", "origin": [5, 1.5, 17]},
			"faces": {
				"north": {"uv": [14, 6.25, 13, 9], "texture": "#horse_armor", "tintindex": 0},
				"east": {"uv": [15, 6.25, 14, 9], "texture": "#horse_armor", "tintindex": 0},
				"south": {"uv": [16, 6.25, 15, 9], "texture": "#horse_armor", "tintindex": 0},
				"west": {"uv": [13, 6.25, 12, 9], "texture": "#horse_armor", "tintindex": 0},
				"up": {"uv": [13, 6.25, 14, 5.25], "texture": "#horse_armor", "tintindex": 0},
				"down": {"uv": [14, 5.25, 15, 6.25], "texture": "#horse_armor", "tintindex": 0}
			}
		},
		{
			"name": "back_right_leg",
			"from": [8.9, -4.1, 14.9],
			"to": [13.1, 7.1, 19.1],
			"rotation": {"angle": 0, "axis": "y", "origin": [11, 1.5, 17]},
			"faces": {
				"north": {"uv": [13, 6.25, 14, 9], "texture": "#horse_armor", "tintindex": 0},
				"east": {"uv": [12, 6.25, 13, 9], "texture": "#horse_armor", "tintindex": 0},
				"south": {"uv": [15, 6.25, 16, 9], "texture": "#horse_armor", "tintindex": 0},
				"west": {"uv": [14, 6.25, 15, 9], "texture": "#horse_armor", "tintindex": 0},
				"up": {"uv": [14, 6.25, 13, 5.25], "texture": "#horse_armor", "tintindex": 0},
				"down": {"uv": [15, 5.25, 14, 6.25], "texture": "#horse_armor", "tintindex": 0}
			}
		},
		{
			"name": "head",
			"from": [11.0855, 22.1939, -8.032],
			"to": [4.8895, 27.3979, -0.828],
			"rotation": {"angle": -22.5, "axis": "x", "origin": [14.1875, 24.79193, -4.42999]},
			"faces": {
				"north": {"uv": [3.25, 5, 1.75, 6.25], "texture": "#horse_armor", "tintindex": 0},
				"east": {"uv": [5, 5, 3.25, 6.25], "texture": "#horse_armor", "tintindex": 0},
				"south": {"uv": [6.5, 5, 5, 6.25], "texture": "#horse_armor", "tintindex": 0},
				"west": {"uv": [1.75, 5, 0, 6.25], "texture": "#horse_armor", "tintindex": 0},
				"up": {"uv": [1.75, 5, 3.25, 3.25], "texture": "#horse_armor", "tintindex": 0},
				"down": {"uv": [3.25, 3.25, 4.75, 5], "texture": "#horse_armor", "tintindex": 0}
			}
		},
		{
			"name": "mouth",
			"from": [10.0855, 19.8978, -12.5713],
			"to": [5.8895, 25.1018, -7.3673],
			"rotation": {"angle": -22.5, "axis": "x", "origin": [12.1875, 22.49583, -9.97327]},
			"faces": {
				"north": {"uv": [2.25, 7.5, 1.25, 8.75], "texture": "#horse_armor", "tintindex": 0},
				"east": {"uv": [3.5, 7.5, 2.25, 8.75], "texture": "#horse_armor", "tintindex": 0},
				"south": {"uv": [4.5, 7.5, 3.5, 8.75], "texture": "#horse_armor", "tintindex": 0},
				"west": {"uv": [1.25, 7.5, 0, 8.75], "texture": "#horse_armor", "tintindex": 0},
				"up": {"uv": [1.25, 7.5, 2.25, 6.25], "texture": "#horse_armor", "tintindex": 0},
				"down": {"uv": [2.25, 6.25, 3.25, 7.5], "texture": "#horse_armor", "tintindex": 0}
			}
		},
		{
			"name": "left_ear",
			"from": [7.448, 27.4544, -2.5905],
			"to": [5.452, 30.4584, -1.5865],
			"rotation": {"angle": -22.5, "axis": "x", "origin": [6.45, 26.95242, -2.08854]},
			"faces": {
				"north": {"uv": [5.5, 4.25, 5, 5], "texture": "#horse_armor", "tintindex": 0},
				"east": {"uv": [5.75, 4.25, 5.5, 5], "texture": "#horse_armor", "tintindex": 0},
				"south": {"uv": [6.25, 4.25, 5.75, 5], "texture": "#horse_armor", "tintindex": 0},
				"west": {"uv": [5, 4.25, 4.75, 5], "texture": "#horse_armor", "tintindex": 0},
				"up": {"uv": [5, 4.25, 5.5, 4], "texture": "#horse_armor", "tintindex": 0},
				"down": {"uv": [5.5, 4, 6, 4.25], "texture": "#horse_armor", "tintindex": 0}
			}
		},
		{
			"name": "right_ear",
			"from": [10.54956, 27.4544, -2.5905],
			"to": [8.55356, 30.4584, -1.5865],
			"rotation": {"angle": -22.5, "axis": "x", "origin": [6.45, 26.95242, -2.08854]},
			"faces": {
				"north": {"uv": [5.5, 4.25, 5, 5], "texture": "#horse_armor", "tintindex": 0},
				"east": {"uv": [5.75, 4.25, 5.5, 5], "texture": "#horse_armor", "tintindex": 0},
				"south": {"uv": [6.25, 4.25, 5.75, 5], "texture": "#horse_armor", "tintindex": 0},
				"west": {"uv": [5, 4.25, 4.75, 5], "texture": "#horse_armor", "tintindex": 0},
				"up": {"uv": [5, 4.25, 5.5, 4], "texture": "#horse_armor", "tintindex": 0},
				"down": {"uv": [5.5, 4, 6, 4.25], "texture": "#horse_armor", "tintindex": 0}
			}
		},
		{
			"name": "neck",
			"from": [10.03, 11.9572, -5.0961],
			"to": [6.034, 23.9612, 1.9079],
			"rotation": {"angle": -22.5, "axis": "x", "origin": [12.05, 17.95522, -1.59813]},
			"faces": {
				"north": {"uv": [2.75, 10.5, 1.75, 13.5], "texture": "#horse_armor", "tintindex": 0},
				"east": {"uv": [4.5, 10.5, 2.75, 13.5], "texture": "#horse_armor", "tintindex": 0},
				"south": {"uv": [5.5, 10.5, 4.5, 13.5], "texture": "#horse_armor", "tintindex": 0},
				"west": {"uv": [1.75, 10.5, 0, 13.5], "texture": "#horse_armor", "tintindex": 0},
				"up": {"uv": [1.75, 10.5, 2.75, 8.75], "texture": "#horse_armor", "tintindex": 0},
				"down": {"uv": [2.75, 8.75, 3.75, 10.5], "texture": "#horse_armor", "tintindex": 0}
			}
		},
		{
			"name": "mane",
			"from": [9.0855, 13.33591, 0.73236],
			"to": [6.9195, 29.53991, 2.93636],
			"rotation": {"angle": -22.5, "axis": "x", "origin": [8.0025, 21.43791, 1.83436]},
			"faces": {
				"north": {"uv": [15, 9.5, 14.5, 13.5], "texture": "#horse_armor", "tintindex": 0},
				"east": {"uv": [15.5, 9.5, 15, 13.5], "texture": "#horse_armor", "tintindex": 0},
				"south": {"uv": [16, 9.5, 15.5, 13.5], "texture": "#horse_armor", "tintindex": 0},
				"west": {"uv": [14.5, 9.5, 14, 13.5], "texture": "#horse_armor", "tintindex": 0},
				"up": {"uv": [14.5, 9.5, 15, 9], "texture": "#horse_armor", "tintindex": 0},
				"down": {"uv": [15, 9, 15.5, 9.5], "texture": "#horse_armor", "tintindex": 0}
			}
		},
		{
			"name": "body",
			"from": [13.04175, 6.952, -3.048],
			"to": [2.93575, 17.056, 19.056],
			"rotation": {"angle": 0, "axis": "y", "origin": [7.98875, 12.004, 8.004]},
			"faces": {
				"north": {"uv": [8, 13.5, 5.5, 16], "texture": "#horse_armor", "tintindex": 0},
				"east": {"uv": [13.5, 13.5, 8, 16], "texture": "#horse_armor", "tintindex": 0},
				"south": {"uv": [16, 13.5, 13.5, 16], "texture": "#horse_armor", "tintindex": 0},
				"west": {"uv": [5.5, 13.5, 0, 16], "texture": "#horse_armor", "tintindex": 0},
				"up": {"uv": [5.5, 13.5, 8, 8], "texture": "#horse_armor", "tintindex": 0},
				"down": {"uv": [8, 8, 10.5, 13.5], "texture": "#horse_armor", "tintindex": 0}
			}
		},
		{
			"name": "tail",
			"from": [9.598, 2.902, 18.902],
			"to": [6.392, 17.106, 23.106],
			"rotation": {"angle": 0, "axis": "y", "origin": [11.25, 10, 21]},
			"faces": {
				"north": {"uv": [12.25, 10, 11.5, 13.5], "texture": "#horse_armor", "tintindex": 0},
				"east": {"uv": [13.25, 10, 12.25, 13.5], "texture": "#horse_armor", "tintindex": 0},
				"south": {"uv": [14, 10, 13.25, 13.5], "texture": "#horse_armor", "tintindex": 0},
				"west": {"uv": [11.5, 10, 10.5, 13.5], "texture": "#horse_armor", "tintindex": 0},
				"up": {"uv": [11.5, 10, 12.25, 9], "texture": "#horse_armor", "tintindex": 0},
				"down": {"uv": [12.25, 9, 13, 10], "texture": "#horse_armor", "tintindex": 0}
			}
		},
		{
			"name": "front_left_leg",
			"from": [7.10113, -4.098, -3.002],
			"to": [2.89513, 7.106, 1.202],
			"rotation": {"angle": 0, "axis": "y", "origin": [9.20313, 1.5, -0.9]},
			"faces": {
				"north": {"uv": [13, 6.25, 14, 9], "texture": "#horse_armor", "tintindex": 0},
				"east": {"uv": [12, 6.25, 13, 9], "texture": "#horse_armor", "tintindex": 0},
				"south": {"uv": [15, 6.25, 16, 9], "texture": "#horse_armor", "tintindex": 0},
				"west": {"uv": [14, 6.25, 15, 9], "texture": "#horse_armor", "tintindex": 0},
				"up": {"uv": [14, 6.25, 13, 5.25], "texture": "#horse_armor", "tintindex": 0},
				"down": {"uv": [15, 5.25, 14, 6.25], "texture": "#horse_armor", "tintindex": 0}
			}
		},
		{
			"name": "front_right_leg",
			"from": [13.10113, -4.098, -3.002],
			"to": [8.89513, 7.106, 1.202],
			"rotation": {"angle": 0, "axis": "y", "origin": [15.20313, 1.5, -0.9]},
			"faces": {
				"north": {"uv": [14, 6.25, 13, 9], "texture": "#horse_armor", "tintindex": 0},
				"east": {"uv": [15, 6.25, 14, 9], "texture": "#horse_armor", "tintindex": 0},
				"south": {"uv": [16, 6.25, 15, 9], "texture": "#horse_armor", "tintindex": 0},
				"west": {"uv": [13, 6.25, 12, 9], "texture": "#horse_armor", "tintindex": 0},
				"up": {"uv": [13, 6.25, 14, 5.25], "texture": "#horse_armor", "tintindex": 0},
				"down": {"uv": [14, 5.25, 15, 6.25], "texture": "#horse_armor", "tintindex": 0}
			}
		},
		{
			"name": "back_left_leg",
			"from": [7.10113, -4.098, 14.89644],
			"to": [2.89513, 7.106, 19.10044],
			"rotation": {"angle": 0, "axis": "y", "origin": [9.20313, 1.5, 16.99844]},
			"faces": {
				"north": {"uv": [13, 6.25, 14, 9], "texture": "#horse_armor", "tintindex": 0},
				"east": {"uv": [12, 6.25, 13, 9], "texture": "#horse_armor", "tintindex": 0},
				"south": {"uv": [15, 6.25, 16, 9], "texture": "#horse_armor", "tintindex": 0},
				"west": {"uv": [14, 6.25, 15, 9], "texture": "#horse_armor", "tintindex": 0},
				"up": {"uv": [14, 6.25, 13, 5.25], "texture": "#horse_armor", "tintindex": 0},
				"down": {"uv": [15, 5.25, 14, 6.25], "texture": "#horse_armor", "tintindex": 0}
			}
		},
		{
			"name": "back_right_leg",
			"from": [13.10113, -4.098, 14.89644],
			"to": [8.89513, 7.106, 19.10044],
			"rotation": {"angle": 0, "axis": "y", "origin": [15.20313, 1.5, 16.99844]},
			"faces": {
				"north": {"uv": [14, 6.25, 13, 9], "texture": "#horse_armor", "tintindex": 0},
				"east": {"uv": [15, 6.25, 14, 9], "texture": "#horse_armor", "tintindex": 0},
				"south": {"uv": [16, 6.25, 15, 9], "texture": "#horse_armor", "tintindex": 0},
				"west": {"uv": [13, 6.25, 12, 9], "texture": "#horse_armor", "tintindex": 0},
				"up": {"uv": [13, 6.25, 14, 5.25], "texture": "#horse_armor", "tintindex": 0},
				"down": {"uv": [14, 5.25, 15, 6.25], "texture": "#horse_armor", "tintindex": 0}
			}
		}
	],
	"groups": [
		0,
		1,
		2,
		3,
		4,
		5,
		6,
		7,
		8,
		9,
		10,
		11,
		{
			"name": "inner_faces",
			"origin": [15.20313, 1.5, 16.99844],
			"color": 0,
			"children": [12, 13, 14, 15, 16, 17, 18, 19, 20, 21, 22, 23]
		}
	]
}