{
	"credit": "Made by ChicknTurtle with Blockbench",
	"textures": {
		"particle": "#0"
	},
	"elements": [
		{
			"from": [5, 1, 6],
			"to": [11, 3, 10],
			"faces": {
				"north": {"uv": [12, 6, 15, 7], "texture": "#0"},
				"east": {"uv": [5, 12, 7, 13], "texture": "#0"},
				"south": {"uv": [12, 7, 15, 8], "texture": "#0"},
				"west": {"uv": [12, 8, 14, 9], "texture": "#0"},
				"up": {"uv": [15, 2, 12, 0], "texture": "#0"},
				"down": {"uv": [15, 2, 12, 4], "texture": "#0"}
			}
		},
		{
			"from": [6, 0, 6],
			"to": [10, 1, 10],
			"faces": {
				"north": {"uv": [1.5, 14, 3.5, 14.5], "texture": "#0"},
				"east": {"uv": [14, 4, 16, 4.5], "texture": "#0"},
				"south": {"uv": [14, 4.5, 16, 5], "texture": "#0"},
				"west": {"uv": [14, 5, 16, 5.5], "texture": "#0"},
				"up": {"uv": [5, 14, 3, 12], "texture": "#0"},
				"down": {"uv": [14, 4, 12, 6], "texture": "#0"}
			}
		},
		{
			"from": [4, 3, 5],
			"to": [12, 8, 11],
			"faces": {
				"north": {"uv": [8, 6, 12, 8.5], "texture": "#0"},
				"east": {"uv": [7, 11, 10, 13.5], "texture": "#0"},
				"south": {"uv": [8, 8.5, 12, 11], "texture": "#0"},
				"west": {"uv": [10, 11, 13, 13.5], "texture": "#0"},
				"up": {"uv": [8, 3, 4, 0], "texture": "#0"},
				"down": {"uv": [8, 3, 4, 6], "texture": "#0"}
			}
		},
		{
			"from": [4, 8, 4],
			"to": [12, 14, 12],
			"faces": {
				"north": {"uv": [4, 6, 8, 9], "texture": "#0"},
				"east": {"uv": [0, 8, 4, 11], "texture": "#0"},
				"south": {"uv": [8, 0, 12, 3], "texture": "#0"},
				"west": {"uv": [8, 3, 12, 6], "texture": "#0"},
				"up": {"uv": [4, 4, 0, 0], "texture": "#0"},
				"down": {"uv": [4, 4, 0, 8], "texture": "#0"}
			}
		},
		{
			"from": [7, 7, 3],
			"to": [9, 10, 5],
			"faces": {
				"north": {"uv": [7, 9, 8, 10.5], "texture": "#0"},
				"east": {"uv": [12, 9, 13, 10.5], "texture": "#0"},
				"south": {"uv": [5, 13, 6, 14.5], "texture": "#0"},
				"west": {"uv": [6, 13, 7, 14.5], "texture": "#0"},
				"up": {"uv": [4, 12, 3, 11], "texture": "#0"},
				"down": {"uv": [4.5, 14, 3.5, 15], "texture": "#0"}
			}
		},
		{
			"from": [5, 14, 5],
			"to": [11, 15, 11],
			"faces": {
				"north": {"uv": [12, 10.5, 15, 11], "texture": "#0"},
				"east": {"uv": [13, 9, 16, 9.5], "texture": "#0"},
				"south": {"uv": [13, 9.5, 16, 10], "texture": "#0"},
				"west": {"uv": [13, 10, 16, 10.5], "texture": "#0"},
				"up": {"uv": [7, 12, 4, 9], "texture": "#0"},
				"down": {"uv": [3, 11, 0, 14], "texture": "#0"}
			}
		},
		{
			"from": [12, 6, 7],
			"to": [15, 8, 9],
			"faces": {
				"north": {"uv": [13, 11, 14.5, 12], "texture": "#0"},
				"east": {"uv": [14, 8, 15, 9], "texture": "#0"},
				"south": {"uv": [13, 12, 14.5, 13], "texture": "#0"},
				"west": {"uv": [13, 14, 14, 15], "texture": "#0"},
				"up": {"uv": [14.5, 14, 13, 13], "texture": "#0"},
				"down": {"uv": [8.5, 13.5, 7, 14.5], "texture": "#0"}
			}
		},
		{
			"from": [12, 5, 7],
			"to": [14, 6, 9],
			"faces": {
				"north": {"uv": [7, 10.5, 8, 11], "texture": "#0"},
				"east": {"uv": [14, 5.5, 15, 6], "texture": "#0"},
				"south": {"uv": [7.5, 14.5, 8.5, 15], "texture": "#0"},
				"west": {"uv": [8.5, 14.5, 9.5, 15], "texture": "#0"},
				"up": {"uv": [15, 15, 14, 14], "texture": "#0"},
				"down": {"uv": [2.5, 14.5, 1.5, 15.5], "texture": "#0"}
			}
		},
		{
			"from": [1, 6, 7],
			"to": [4, 8, 9],
			"rotation": {"angle": 0, "axis": "y", "origin": [2, 6.25, 8]},
			"faces": {
				"north": {"uv": [8.5, 13.5, 10, 14.5], "texture": "#0"},
				"east": {"uv": [2.5, 14.5, 3.5, 15.5], "texture": "#0"},
				"south": {"uv": [10, 13.5, 11.5, 14.5], "texture": "#0"},
				"west": {"uv": [4.5, 14.5, 5.5, 15.5], "texture": "#0"},
				"up": {"uv": [13, 14.5, 11.5, 13.5], "texture": "#0"},
				"down": {"uv": [1.5, 14, 0, 15], "texture": "#0"}
			}
		},
		{
			"from": [2, 5, 7],
			"to": [4, 6, 9],
			"rotation": {"angle": 0, "axis": "y", "origin": [2, 6.25, 8]},
			"faces": {
				"north": {"uv": [9.5, 14.5, 10.5, 15], "texture": "#0"},
				"east": {"uv": [10.5, 14.5, 11.5, 15], "texture": "#0"},
				"south": {"uv": [14.5, 11, 15.5, 11.5], "texture": "#0"},
				"west": {"uv": [11.5, 14.5, 12.5, 15], "texture": "#0"},
				"up": {"uv": [6.5, 15.5, 5.5, 14.5], "texture": "#0"},
				"down": {"uv": [7.5, 14.5, 6.5, 15.5], "texture": "#0"}
			}
		}
	],
	"gui_light": "front",
	"display": {
		"thirdperson_righthand": {
			"translation": [0, 2.4, 1.5],
			"scale": [0.4, 0.4, 0.4]
		},
		"thirdperson_lefthand": {
			"translation": [0, 2.4, 1.5],
			"scale": [0.4, 0.4, 0.4]
		},
		"firstperson_righthand": {
			"translation": [0, 1.4, 1.5],
			"scale": [0.5, 0.5, 0.5]
		},
		"firstperson_lefthand": {
			"translation": [0, 1.4, 1.5],
			"scale": [0.5, 0.5, 0.5]
		},
		"ground": {
			"translation": [0, 2.5, 0],
			"scale": [0.5, 0.5, 0.5]
		},
		"gui": {
			"rotation": [20.25, 160, 0],
			"scale": [0.9, 0.9, 0.9]
		},
		"head": {
			"translation": [0, 11.25, 0]
		}
	}
}