{
  "model": {
    "type": "minecraft:composite",
    "models": [
      {
        "type": "minecraft:model",
        "model": "minecraft:item/leaf_litter_1",
        "tints": [
          {
            "type": "minecraft:constant",
            "value": 8542008
          }
        ]
      },
      {
        "type": "minecraft:model",
        "model": "minecraft:item/leaf_litter_2",
        "tints": [
          {
            "type": "minecraft:constant",
            "value": 8542008
          }
        ]
      },
      {
        "type": "minecraft:model",
        "model": "minecraft:item/leaf_litter_3",
        "tints": [
          {
            "type": "minecraft:constant",
            "value": 8542008
          }
        ]
      },
      {
        "type": "minecraft:model",
        "model": "minecraft:item/leaf_litter_4",
        "tints": [
          {
            "type": "minecraft:constant",
            "value": 8542008
          }
        ]
      }
    ]
  }
}