{
	"parent": "block/block",
	"texture_size": [64, 32],
	"textures": {
    "particle": "#armor",
    "armor": "entity/equipment/wolf_body/armadillo_scute",
	"overlay": "entity/equipment/wolf_body/armadillo_scute_overlay"
	},
	"elements": [
		{
			"name": "head",
			"from": [4.75, 7.25, -1.25],
			"to": [11.25, 13.75, 3.25],
			"rotation": {"angle": 0, "axis": "y", "origin": [8, 10.5, 1]},
			"faces": {
				"north": {"uv": [1, 2, 2.5, 5], "texture": "#armor"},
				"east": {"uv": [2.5, 2, 3.5, 5], "texture": "#armor"},
				"south": {"uv": [3.5, 2, 5, 5], "texture": "#armor"},
				"west": {"uv": [0, 2, 1, 5], "texture": "#armor"},
				"up": {"uv": [2.5, 2, 1, 0], "texture": "#armor"},
				"down": {"uv": [4, 0, 2.5, 2], "texture": "#armor"}
			}
		},
		{
			"name": "head",
			"from": [4.75, 13.25, 0.75],
			"to": [7.25, 15.75, 2.25],
			"rotation": {"angle": 0, "axis": "y", "origin": [6, 14.5, 1.5]},
			"faces": {
				"north": {"uv": [4.25, 7.5, 4.75, 8.5], "texture": "#armor"},
				"east": {"uv": [4, 7.5, 4.25, 8.5], "texture": "#armor"},
				"south": {"uv": [5, 7.5, 5.5, 8.5], "texture": "#armor"},
				"west": {"uv": [4.75, 7.5, 5, 8.5], "texture": "#armor"},
				"up": {"uv": [4.75, 7.5, 4.25, 7], "texture": "#armor"},
				"down": {"uv": [5.25, 7, 4.75, 7.5], "texture": "#armor"}
			}
		},
		{
			"name": "head",
			"from": [8.75, 13.25, 0.75],
			"to": [11.25, 15.75, 2.25],
			"rotation": {"angle": 0, "axis": "y", "origin": [10, 14.5, 1.5]},
			"faces": {
				"north": {"uv": [4.25, 7.5, 4.75, 8.5], "texture": "#armor"},
				"east": {"uv": [4, 7.5, 4.25, 8.5], "texture": "#armor"},
				"south": {"uv": [5, 7.5, 5.5, 8.5], "texture": "#armor"},
				"west": {"uv": [4.75, 7.5, 5, 8.5], "texture": "#armor"},
				"up": {"uv": [4.75, 7.5, 4.25, 7], "texture": "#armor"},
				"down": {"uv": [5.25, 7, 4.75, 7.5], "texture": "#armor"}
			}
		},
		{
			"name": "head",
			"from": [6.25, 7.27, -4.25],
			"to": [9.75, 10.77, 0.25],
			"rotation": {"angle": 0, "axis": "y", "origin": [8, 9.02, -2]},
			"faces": {
				"north": {"uv": [1, 7, 1.75, 8.5], "texture": "#armor"},
				"east": {"uv": [0, 7, 1, 8.5], "texture": "#armor"},
				"south": {"uv": [2.75, 7, 3.5, 8.5], "texture": "#armor"},
				"west": {"uv": [1.75, 7, 2.75, 8.5], "texture": "#armor"},
				"up": {"uv": [1.75, 7, 1, 5], "texture": "#armor"},
				"down": {"uv": [2.5, 5, 1.75, 7], "texture": "#armor"}
			}
		},
		{
			"name": "body",
			"from": [4.75, 6.75, 7.75],
			"to": [11.25, 13.25, 17.25],
			"rotation": {"angle": 0, "axis": "y", "origin": [8, 10, 12.5]},
			"faces": {
				"north": {"uv": [7.5, 10, 6, 7], "rotation": 180, "texture": "#armor"},
				"east": {"uv": [4.5, 10, 6, 14.5], "rotation": 90, "texture": "#armor"},
				"south": {"uv": [9, 7, 7.5, 10], "texture": "#armor"},
				"west": {"uv": [7.5, 10, 9, 14.5], "rotation": 270, "texture": "#armor"},
				"up": {"uv": [9, 10, 10.5, 14.5], "texture": "#armor"},
				"down": {"uv": [6, 10, 7.5, 14.5], "rotation": 180, "texture": "#armor"}
			}
		},
		{
			"name": "mane",
			"from": [3.75, 6.75, 1.75],
			"to": [12.25, 14.25, 8.25],
			"rotation": {"angle": 0, "axis": "y", "origin": [8, 10.5, 5]},
			"faces": {
				"north": {"uv": [9, 3.5, 7, 0], "rotation": 180, "texture": "#armor"},
				"east": {"uv": [5.25, 3.5, 7, 6.5], "rotation": 90, "texture": "#armor"},
				"south": {"uv": [11, 0, 9, 3.5], "texture": "#armor"},
				"west": {"uv": [9, 3.5, 10.75, 6.5], "rotation": 270, "texture": "#armor"},
				"up": {"uv": [10.75, 3.5, 12.75, 6.5], "texture": "#armor"},
				"down": {"uv": [7, 3.5, 9, 6.5], "rotation": 180, "texture": "#armor"}
			}
		},
		{
			"name": "leg1",
			"from": [8.25, -0.25, 13.75],
			"to": [10.75, 8.25, 16.25],
			"rotation": {"angle": 0, "axis": "y", "origin": [9.5, 4, 15]},
			"faces": {
				"north": {"uv": [0.5, 10, 1, 14], "texture": "#armor"},
				"east": {"uv": [0, 10, 0.5, 14], "texture": "#armor"},
				"south": {"uv": [1.5, 10, 2, 14], "texture": "#armor"},
				"west": {"uv": [1, 10, 1.5, 14], "texture": "#armor"},
				"up": {"uv": [1, 10, 0.5, 9], "texture": "#armor"},
				"down": {"uv": [1.5, 9, 1, 10], "texture": "#armor"}
			}
		},
		{
			"name": "leg2",
			"from": [5.25, -0.25, 13.75],
			"to": [7.75, 8.25, 16.25],
			"rotation": {"angle": 0, "axis": "y", "origin": [6.5, 4, 15]},
			"faces": {
				"north": {"uv": [0.5, 10, 1, 14], "texture": "#armor"},
				"east": {"uv": [0, 10, 0.5, 14], "texture": "#armor"},
				"south": {"uv": [1.5, 10, 2, 14], "texture": "#armor"},
				"west": {"uv": [1, 10, 1.5, 14], "texture": "#armor"},
				"up": {"uv": [1, 10, 0.5, 9], "texture": "#armor"},
				"down": {"uv": [1.5, 9, 1, 10], "texture": "#armor"}
			}
		},
		{
			"name": "leg3",
			"from": [8.25, -0.25, 2.75],
			"to": [10.75, 8.25, 5.25],
			"rotation": {"angle": 0, "axis": "y", "origin": [9.5, 4, 4]},
			"faces": {
				"north": {"uv": [0.5, 10, 1, 14], "texture": "#armor"},
				"east": {"uv": [0, 10, 0.5, 14], "texture": "#armor"},
				"south": {"uv": [1.5, 10, 2, 14], "texture": "#armor"},
				"west": {"uv": [1, 10, 1.5, 14], "texture": "#armor"},
				"up": {"uv": [1, 10, 0.5, 9], "texture": "#armor"},
				"down": {"uv": [1.5, 9, 1, 10], "texture": "#armor"}
			}
		},
		{
			"name": "leg4",
			"from": [5.25, -0.25, 2.75],
			"to": [7.75, 8.25, 5.25],
			"rotation": {"angle": 0, "axis": "y", "origin": [6.5, 4, 4]},
			"faces": {
				"north": {"uv": [0.5, 10, 1, 14], "texture": "#armor"},
				"east": {"uv": [0, 10, 0.5, 14], "texture": "#armor"},
				"south": {"uv": [1.5, 10, 2, 14], "texture": "#armor"},
				"west": {"uv": [1, 10, 1.5, 14], "texture": "#armor"},
				"up": {"uv": [1, 10, 0.5, 9], "texture": "#armor"},
				"down": {"uv": [1.5, 9, 1, 10], "texture": "#armor"}
			}
		},
		{
			"name": "tail",
			"from": [6.75, 3.75, 16.75],
			"to": [9.25, 12.25, 19.25],
			"rotation": {"angle": 0, "axis": "y", "origin": [8, 8, 18]},
			"faces": {
				"north": {"uv": [2.75, 10, 3.25, 14], "texture": "#armor"},
				"east": {"uv": [2.25, 10, 2.75, 14], "texture": "#armor"},
				"south": {"uv": [3.75, 10, 4.25, 14], "texture": "#armor"},
				"west": {"uv": [3.25, 10, 3.75, 14], "texture": "#armor"},
				"up": {"uv": [3.25, 10, 2.75, 9], "texture": "#armor"},
				"down": {"uv": [3.75, 9, 3.25, 10], "texture": "#armor"}
			}
		},
		{
			"name": "head",
			"from": [11.248, 7.252, -1.248],
			"to": [4.752, 13.758, 3.258],
			"rotation": {"angle": 0, "axis": "y", "origin": [8, 10.505, 1.005]},
			"faces": {
				"north": {"uv": [2.5, 2, 1, 5], "texture": "#armor"},
				"east": {"uv": [3.5, 2, 2.5, 5], "texture": "#armor"},
				"south": {"uv": [5, 2, 3.5, 5], "texture": "#armor"},
				"west": {"uv": [1, 2, 0, 5], "texture": "#armor"},
				"up": {"uv": [1, 2, 2.5, 0], "texture": "#armor"},
				"down": {"uv": [2.5, 0, 4, 2], "texture": "#armor"}
			}
		},
		{
			"name": "head",
			"from": [7.248, 13.252, 0.752],
			"to": [4.752, 15.756, 2.256],
			"rotation": {"angle": 0, "axis": "y", "origin": [6, 14.504, 1.504]},
			"faces": {
				"north": {"uv": [4.75, 7.5, 4.25, 8.5], "texture": "#armor"},
				"east": {"uv": [5, 7.5, 4.75, 8.5], "texture": "#armor"},
				"south": {"uv": [5.5, 7.5, 5, 8.5], "texture": "#armor"},
				"west": {"uv": [4.25, 7.5, 4, 8.5], "texture": "#armor"},
				"up": {"uv": [4.25, 7.5, 4.75, 7], "texture": "#armor"},
				"down": {"uv": [4.75, 7, 5.25, 7.5], "texture": "#armor"}
			}
		},
		{
			"name": "head",
			"from": [11.248, 13.252, 0.752],
			"to": [8.752, 15.756, 2.256],
			"rotation": {"angle": 0, "axis": "y", "origin": [10, 14.504, 1.504]},
			"faces": {
				"north": {"uv": [4.75, 7.5, 4.25, 8.5], "texture": "#armor"},
				"east": {"uv": [5, 7.5, 4.75, 8.5], "texture": "#armor"},
				"south": {"uv": [5.5, 7.5, 5, 8.5], "texture": "#armor"},
				"west": {"uv": [4.25, 7.5, 4, 8.5], "texture": "#armor"},
				"up": {"uv": [4.25, 7.5, 4.75, 7], "texture": "#armor"},
				"down": {"uv": [4.75, 7, 5.25, 7.5], "texture": "#armor"}
			}
		},
		{
			"name": "head",
			"from": [9.748, 7.272, -4.248],
			"to": [6.252, 10.776, 0.256],
			"rotation": {"angle": 0, "axis": "y", "origin": [8, 9.024, -1.996]},
			"faces": {
				"north": {"uv": [1.75, 7, 1, 8.5], "texture": "#armor"},
				"east": {"uv": [2.75, 7, 1.75, 8.5], "texture": "#armor"},
				"south": {"uv": [3.5, 7, 2.75, 8.5], "texture": "#armor"},
				"west": {"uv": [1, 7, 0, 8.5], "texture": "#armor"},
				"up": {"uv": [1, 7, 1.75, 5], "texture": "#armor"},
				"down": {"uv": [1.75, 5, 2.5, 7], "texture": "#armor"}
			}
		},
		{
			"name": "body",
			"from": [11.248, 6.752, 7.752],
			"to": [4.752, 13.256, 17.256],
			"rotation": {"angle": 0, "axis": "y", "origin": [8, 10.004, 12.504]},
			"faces": {
				"north": {"uv": [6, 10, 7.5, 7], "rotation": 180, "texture": "#armor"},
				"east": {"uv": [9, 10, 7.5, 14.5], "rotation": 90, "texture": "#armor"},
				"south": {"uv": [7.5, 7, 9, 10], "texture": "#armor"},
				"west": {"uv": [6, 10, 4.5, 14.5], "rotation": 270, "texture": "#armor"},
				"up": {"uv": [10.5, 10, 9, 14.5], "texture": "#armor"},
				"down": {"uv": [7.5, 10, 6, 14.5], "rotation": 180, "texture": "#armor"}
			}
		},
		{
			"name": "mane",
			"from": [12.248, 6.752, 1.752],
			"to": [3.752, 14.256, 8.256],
			"rotation": {"angle": 0, "axis": "y", "origin": [8, 10.504, 5.004]},
			"faces": {
				"north": {"uv": [7, 3.5, 9, 0], "rotation": 180, "texture": "#armor"},
				"east": {"uv": [10.75, 3.5, 9, 6.5], "rotation": 90, "texture": "#armor"},
				"south": {"uv": [9, 0, 11, 3.5], "texture": "#armor"},
				"west": {"uv": [7, 3.5, 5.25, 6.5], "rotation": 270, "texture": "#armor"},
				"up": {"uv": [12.75, 3.5, 10.75, 6.5], "texture": "#armor"},
				"down": {"uv": [9, 3.5, 7, 6.5], "rotation": 180, "texture": "#armor"}
			}
		},
		{
			"name": "leg1",
			"from": [10.748, -0.248, 13.752],
			"to": [8.252, 8.256, 16.256],
			"rotation": {"angle": 0, "axis": "y", "origin": [9.5, 4.004, 15.004]},
			"faces": {
				"north": {"uv": [1, 10, 0.5, 14], "texture": "#armor"},
				"east": {"uv": [1.5, 10, 1, 14], "texture": "#armor"},
				"south": {"uv": [2, 10, 1.5, 14], "texture": "#armor"},
				"west": {"uv": [0.5, 10, 0, 14], "texture": "#armor"},
				"up": {"uv": [0.5, 10, 1, 9], "texture": "#armor"},
				"down": {"uv": [1, 9, 1.5, 10], "texture": "#armor"}
			}
		},
		{
			"name": "leg2",
			"from": [7.748, -0.248, 13.752],
			"to": [5.252, 8.256, 16.256],
			"rotation": {"angle": 0, "axis": "y", "origin": [6.5, 4.004, 15.004]},
			"faces": {
				"north": {"uv": [1, 10, 0.5, 14], "texture": "#armor"},
				"east": {"uv": [1.5, 10, 1, 14], "texture": "#armor"},
				"south": {"uv": [2, 10, 1.5, 14], "texture": "#armor"},
				"west": {"uv": [0.5, 10, 0, 14], "texture": "#armor"},
				"up": {"uv": [0.5, 10, 1, 9], "texture": "#armor"},
				"down": {"uv": [1, 9, 1.5, 10], "texture": "#armor"}
			}
		},
		{
			"name": "leg3",
			"from": [10.748, -0.248, 2.752],
			"to": [8.252, 8.256, 5.256],
			"rotation": {"angle": 0, "axis": "y", "origin": [9.5, 4.004, 4.004]},
			"faces": {
				"north": {"uv": [1, 10, 0.5, 14], "texture": "#armor"},
				"east": {"uv": [1.5, 10, 1, 14], "texture": "#armor"},
				"south": {"uv": [2, 10, 1.5, 14], "texture": "#armor"},
				"west": {"uv": [0.5, 10, 0, 14], "texture": "#armor"},
				"up": {"uv": [0.5, 10, 1, 9], "texture": "#armor"},
				"down": {"uv": [1, 9, 1.5, 10], "texture": "#armor"}
			}
		},
		{
			"name": "leg4",
			"from": [7.748, -0.248, 2.752],
			"to": [5.252, 8.256, 5.256],
			"rotation": {"angle": 0, "axis": "y", "origin": [6.5, 4.004, 4.004]},
			"faces": {
				"north": {"uv": [1, 10, 0.5, 14], "texture": "#armor"},
				"east": {"uv": [1.5, 10, 1, 14], "texture": "#armor"},
				"south": {"uv": [2, 10, 1.5, 14], "texture": "#armor"},
				"west": {"uv": [0.5, 10, 0, 14], "texture": "#armor"},
				"up": {"uv": [0.5, 10, 1, 9], "texture": "#armor"},
				"down": {"uv": [1, 9, 1.5, 10], "texture": "#armor"}
			}
		},
		{
			"name": "tail",
			"from": [9.248, 3.752, 16.752],
			"to": [6.75, 12.256, 19.256],
			"rotation": {"angle": 0, "axis": "y", "origin": [7.999, 8.004, 18.004]},
			"faces": {
				"north": {"uv": [3.25, 10, 2.75, 14], "texture": "#armor"},
				"east": {"uv": [3.75, 10, 3.25, 14], "texture": "#armor"},
				"south": {"uv": [4.25, 10, 3.75, 14], "texture": "#armor"},
				"west": {"uv": [2.75, 10, 2.25, 14], "texture": "#armor"},
				"up": {"uv": [2.75, 10, 3.25, 9], "texture": "#armor"},
				"down": {"uv": [3.25, 9, 3.75, 10], "texture": "#armor"}
			}
		},
		{
			"name": "head",
			"from": [4.75, 7.25, -1.25],
			"to": [11.25, 13.75, 3.25],
			"rotation": {"angle": 0, "axis": "y", "origin": [8, 10.5, 1]},
			"faces": {
				"north": {"uv": [1, 2, 2.5, 5], "texture": "#overlay", "tintindex": 1},
				"east": {"uv": [2.5, 2, 3.5, 5], "texture": "#overlay", "tintindex": 1},
				"south": {"uv": [3.5, 2, 5, 5], "texture": "#overlay", "tintindex": 1},
				"west": {"uv": [0, 2, 1, 5], "texture": "#overlay", "tintindex": 1},
				"up": {"uv": [2.5, 2, 1, 0], "texture": "#overlay", "tintindex": 1},
				"down": {"uv": [4, 0, 2.5, 2], "texture": "#overlay", "tintindex": 1}
			}
		},
		{
			"name": "head",
			"from": [4.75, 13.25, 0.75],
			"to": [7.25, 15.75, 2.25],
			"rotation": {"angle": 0, "axis": "y", "origin": [6, 14.5, 1.5]},
			"faces": {
				"north": {"uv": [4.25, 7.5, 4.75, 8.5], "texture": "#overlay", "tintindex": 1},
				"east": {"uv": [4, 7.5, 4.25, 8.5], "texture": "#overlay", "tintindex": 1},
				"south": {"uv": [5, 7.5, 5.5, 8.5], "texture": "#overlay", "tintindex": 1},
				"west": {"uv": [4.75, 7.5, 5, 8.5], "texture": "#overlay", "tintindex": 1},
				"up": {"uv": [4.75, 7.5, 4.25, 7], "texture": "#overlay", "tintindex": 1},
				"down": {"uv": [5.25, 7, 4.75, 7.5], "texture": "#overlay", "tintindex": 1}
			}
		},
		{
			"name": "head",
			"from": [8.75, 13.25, 0.75],
			"to": [11.25, 15.75, 2.25],
			"rotation": {"angle": 0, "axis": "y", "origin": [10, 14.5, 1.5]},
			"faces": {
				"north": {"uv": [4.25, 7.5, 4.75, 8.5], "texture": "#overlay", "tintindex": 1},
				"east": {"uv": [4, 7.5, 4.25, 8.5], "texture": "#overlay", "tintindex": 1},
				"south": {"uv": [5, 7.5, 5.5, 8.5], "texture": "#overlay", "tintindex": 1},
				"west": {"uv": [4.75, 7.5, 5, 8.5], "texture": "#overlay", "tintindex": 1},
				"up": {"uv": [4.75, 7.5, 4.25, 7], "texture": "#overlay", "tintindex": 1},
				"down": {"uv": [5.25, 7, 4.75, 7.5], "texture": "#overlay", "tintindex": 1}
			}
		},
		{
			"name": "head",
			"from": [6.25, 7.27, -4.25],
			"to": [9.75, 10.77, 0.25],
			"rotation": {"angle": 0, "axis": "y", "origin": [8, 9.02, -2]},
			"faces": {
				"north": {"uv": [1, 7, 1.75, 8.5], "texture": "#overlay", "tintindex": 1},
				"east": {"uv": [0, 7, 1, 8.5], "texture": "#overlay", "tintindex": 1},
				"south": {"uv": [2.75, 7, 3.5, 8.5], "texture": "#overlay", "tintindex": 1},
				"west": {"uv": [1.75, 7, 2.75, 8.5], "texture": "#overlay", "tintindex": 1},
				"up": {"uv": [1.75, 7, 1, 5], "texture": "#overlay", "tintindex": 1},
				"down": {"uv": [2.5, 5, 1.75, 7], "texture": "#overlay", "tintindex": 1}
			}
		},
		{
			"name": "body",
			"from": [4.75, 6.75, 7.75],
			"to": [11.25, 13.25, 17.25],
			"rotation": {"angle": 0, "axis": "y", "origin": [8, 10, 12.5]},
			"faces": {
				"north": {"uv": [7.5, 10, 6, 7], "rotation": 180, "texture": "#overlay", "tintindex": 1},
				"east": {"uv": [4.5, 10, 6, 14.5], "rotation": 90, "texture": "#overlay", "tintindex": 1},
				"south": {"uv": [9, 7, 7.5, 10], "texture": "#overlay", "tintindex": 1},
				"west": {"uv": [7.5, 10, 9, 14.5], "rotation": 270, "texture": "#overlay", "tintindex": 1},
				"up": {"uv": [9, 10, 10.5, 14.5], "texture": "#overlay", "tintindex": 1},
				"down": {"uv": [6, 10, 7.5, 14.5], "rotation": 180, "texture": "#overlay", "tintindex": 1}
			}
		},
		{
			"name": "mane",
			"from": [3.75, 6.75, 1.75],
			"to": [12.25, 14.25, 8.25],
			"rotation": {"angle": 0, "axis": "y", "origin": [8, 10.5, 5]},
			"faces": {
				"north": {"uv": [9, 3.5, 7, 0], "rotation": 180, "texture": "#overlay", "tintindex": 1},
				"east": {"uv": [5.25, 3.5, 7, 6.5], "rotation": 90, "texture": "#overlay", "tintindex": 1},
				"south": {"uv": [11, 0, 9, 3.5], "texture": "#overlay", "tintindex": 1},
				"west": {"uv": [9, 3.5, 10.75, 6.5], "rotation": 270, "texture": "#overlay", "tintindex": 1},
				"up": {"uv": [10.75, 3.5, 12.75, 6.5], "texture": "#overlay", "tintindex": 1},
				"down": {"uv": [7, 3.5, 9, 6.5], "rotation": 180, "texture": "#overlay", "tintindex": 1}
			}
		},
		{
			"name": "leg1",
			"from": [8.25, -0.25, 13.75],
			"to": [10.75, 8.25, 16.25],
			"rotation": {"angle": 0, "axis": "y", "origin": [9.5, 4, 15]},
			"faces": {
				"north": {"uv": [0.5, 10, 1, 14], "texture": "#overlay", "tintindex": 1},
				"east": {"uv": [0, 10, 0.5, 14], "texture": "#overlay", "tintindex": 1},
				"south": {"uv": [1.5, 10, 2, 14], "texture": "#overlay", "tintindex": 1},
				"west": {"uv": [1, 10, 1.5, 14], "texture": "#overlay", "tintindex": 1},
				"up": {"uv": [1, 10, 0.5, 9], "texture": "#overlay", "tintindex": 1},
				"down": {"uv": [1.5, 9, 1, 10], "texture": "#overlay", "tintindex": 1}
			}
		},
		{
			"name": "leg2",
			"from": [5.25, -0.25, 13.75],
			"to": [7.75, 8.25, 16.25],
			"rotation": {"angle": 0, "axis": "y", "origin": [6.5, 4, 15]},
			"faces": {
				"north": {"uv": [0.5, 10, 1, 14], "texture": "#overlay", "tintindex": 1},
				"east": {"uv": [0, 10, 0.5, 14], "texture": "#overlay", "tintindex": 1},
				"south": {"uv": [1.5, 10, 2, 14], "texture": "#overlay", "tintindex": 1},
				"west": {"uv": [1, 10, 1.5, 14], "texture": "#overlay", "tintindex": 1},
				"up": {"uv": [1, 10, 0.5, 9], "texture": "#overlay", "tintindex": 1},
				"down": {"uv": [1.5, 9, 1, 10], "texture": "#overlay", "tintindex": 1}
			}
		},
		{
			"name": "leg3",
			"from": [8.25, -0.25, 2.75],
			"to": [10.75, 8.25, 5.25],
			"rotation": {"angle": 0, "axis": "y", "origin": [9.5, 4, 4]},
			"faces": {
				"north": {"uv": [0.5, 10, 1, 14], "texture": "#overlay", "tintindex": 1},
				"east": {"uv": [0, 10, 0.5, 14], "texture": "#overlay", "tintindex": 1},
				"south": {"uv": [1.5, 10, 2, 14], "texture": "#overlay", "tintindex": 1},
				"west": {"uv": [1, 10, 1.5, 14], "texture": "#overlay", "tintindex": 1},
				"up": {"uv": [1, 10, 0.5, 9], "texture": "#overlay", "tintindex": 1},
				"down": {"uv": [1.5, 9, 1, 10], "texture": "#overlay", "tintindex": 1}
			}
		},
		{
			"name": "leg4",
			"from": [5.25, -0.25, 2.75],
			"to": [7.75, 8.25, 5.25],
			"rotation": {"angle": 0, "axis": "y", "origin": [6.5, 4, 4]},
			"faces": {
				"north": {"uv": [0.5, 10, 1, 14], "texture": "#overlay", "tintindex": 1},
				"east": {"uv": [0, 10, 0.5, 14], "texture": "#overlay", "tintindex": 1},
				"south": {"uv": [1.5, 10, 2, 14], "texture": "#overlay", "tintindex": 1},
				"west": {"uv": [1, 10, 1.5, 14], "texture": "#overlay", "tintindex": 1},
				"up": {"uv": [1, 10, 0.5, 9], "texture": "#overlay", "tintindex": 1},
				"down": {"uv": [1.5, 9, 1, 10], "texture": "#overlay", "tintindex": 1}
			}
		},
		{
			"name": "tail",
			"from": [6.75, 3.75, 16.75],
			"to": [9.25, 12.25, 19.25],
			"rotation": {"angle": 0, "axis": "y", "origin": [8, 8, 18]},
			"faces": {
				"north": {"uv": [2.75, 10, 3.25, 14], "texture": "#overlay", "tintindex": 1},
				"east": {"uv": [2.25, 10, 2.75, 14], "texture": "#overlay", "tintindex": 1},
				"south": {"uv": [3.75, 10, 4.25, 14], "texture": "#overlay", "tintindex": 1},
				"west": {"uv": [3.25, 10, 3.75, 14], "texture": "#overlay", "tintindex": 1},
				"up": {"uv": [3.25, 10, 2.75, 9], "texture": "#overlay", "tintindex": 1},
				"down": {"uv": [3.75, 9, 3.25, 10], "texture": "#overlay", "tintindex": 1}
			}
		},
		{
			"name": "head",
			"from": [11.248, 7.252, -1.248],
			"to": [4.752, 13.758, 3.258],
			"rotation": {"angle": 0, "axis": "y", "origin": [8, 10.505, 1.005]},
			"faces": {
				"north": {"uv": [2.5, 2, 1, 5], "texture": "#overlay", "tintindex": 1},
				"east": {"uv": [3.5, 2, 2.5, 5], "texture": "#overlay", "tintindex": 1},
				"south": {"uv": [5, 2, 3.5, 5], "texture": "#overlay", "tintindex": 1},
				"west": {"uv": [1, 2, 0, 5], "texture": "#overlay", "tintindex": 1},
				"up": {"uv": [1, 2, 2.5, 0], "texture": "#overlay", "tintindex": 1},
				"down": {"uv": [2.5, 0, 4, 2], "texture": "#overlay", "tintindex": 1}
			}
		},
		{
			"name": "head",
			"from": [7.248, 13.252, 0.752],
			"to": [4.752, 15.756, 2.256],
			"rotation": {"angle": 0, "axis": "y", "origin": [6, 14.504, 1.504]},
			"faces": {
				"north": {"uv": [4.75, 7.5, 4.25, 8.5], "texture": "#overlay", "tintindex": 1},
				"east": {"uv": [5, 7.5, 4.75, 8.5], "texture": "#overlay", "tintindex": 1},
				"south": {"uv": [5.5, 7.5, 5, 8.5], "texture": "#overlay", "tintindex": 1},
				"west": {"uv": [4.25, 7.5, 4, 8.5], "texture": "#overlay", "tintindex": 1},
				"up": {"uv": [4.25, 7.5, 4.75, 7], "texture": "#overlay", "tintindex": 1},
				"down": {"uv": [4.75, 7, 5.25, 7.5], "texture": "#overlay", "tintindex": 1}
			}
		},
		{
			"name": "head",
			"from": [11.248, 13.252, 0.752],
			"to": [8.752, 15.756, 2.256],
			"rotation": {"angle": 0, "axis": "y", "origin": [10, 14.504, 1.504]},
			"faces": {
				"north": {"uv": [4.75, 7.5, 4.25, 8.5], "texture": "#overlay", "tintindex": 1},
				"east": {"uv": [5, 7.5, 4.75, 8.5], "texture": "#overlay", "tintindex": 1},
				"south": {"uv": [5.5, 7.5, 5, 8.5], "texture": "#overlay", "tintindex": 1},
				"west": {"uv": [4.25, 7.5, 4, 8.5], "texture": "#overlay", "tintindex": 1},
				"up": {"uv": [4.25, 7.5, 4.75, 7], "texture": "#overlay", "tintindex": 1},
				"down": {"uv": [4.75, 7, 5.25, 7.5], "texture": "#overlay", "tintindex": 1}
			}
		},
		{
			"name": "head",
			"from": [9.748, 7.272, -4.248],
			"to": [6.252, 10.776, 0.256],
			"rotation": {"angle": 0, "axis": "y", "origin": [8, 9.024, -1.996]},
			"faces": {
				"north": {"uv": [1.75, 7, 1, 8.5], "texture": "#overlay", "tintindex": 1},
				"east": {"uv": [2.75, 7, 1.75, 8.5], "texture": "#overlay", "tintindex": 1},
				"south": {"uv": [3.5, 7, 2.75, 8.5], "texture": "#overlay", "tintindex": 1},
				"west": {"uv": [1, 7, 0, 8.5], "texture": "#overlay", "tintindex": 1},
				"up": {"uv": [1, 7, 1.75, 5], "texture": "#overlay", "tintindex": 1},
				"down": {"uv": [1.75, 5, 2.5, 7], "texture": "#overlay", "tintindex": 1}
			}
		},
		{
			"name": "body",
			"from": [11.248, 6.752, 7.752],
			"to": [4.752, 13.256, 17.256],
			"rotation": {"angle": 0, "axis": "y", "origin": [8, 10.004, 12.504]},
			"faces": {
				"north": {"uv": [6, 10, 7.5, 7], "rotation": 180, "texture": "#overlay", "tintindex": 1},
				"east": {"uv": [9, 10, 7.5, 14.5], "rotation": 90, "texture": "#overlay", "tintindex": 1},
				"south": {"uv": [7.5, 7, 9, 10], "texture": "#overlay", "tintindex": 1},
				"west": {"uv": [6, 10, 4.5, 14.5], "rotation": 270, "texture": "#overlay", "tintindex": 1},
				"up": {"uv": [10.5, 10, 9, 14.5], "texture": "#overlay", "tintindex": 1},
				"down": {"uv": [7.5, 10, 6, 14.5], "rotation": 180, "texture": "#overlay", "tintindex": 1}
			}
		},
		{
			"name": "mane",
			"from": [12.248, 6.752, 1.752],
			"to": [3.752, 14.256, 8.256],
			"rotation": {"angle": 0, "axis": "y", "origin": [8, 10.504, 5.004]},
			"faces": {
				"north": {"uv": [7, 3.5, 9, 0], "rotation": 180, "texture": "#overlay", "tintindex": 1},
				"east": {"uv": [10.75, 3.5, 9, 6.5], "rotation": 90, "texture": "#overlay", "tintindex": 1},
				"south": {"uv": [9, 0, 11, 3.5], "texture": "#overlay", "tintindex": 1},
				"west": {"uv": [7, 3.5, 5.25, 6.5], "rotation": 270, "texture": "#overlay", "tintindex": 1},
				"up": {"uv": [12.75, 3.5, 10.75, 6.5], "texture": "#overlay", "tintindex": 1},
				"down": {"uv": [9, 3.5, 7, 6.5], "rotation": 180, "texture": "#overlay", "tintindex": 1}
			}
		},
		{
			"name": "leg1",
			"from": [10.748, -0.248, 13.752],
			"to": [8.252, 8.256, 16.256],
			"rotation": {"angle": 0, "axis": "y", "origin": [9.5, 4.004, 15.004]},
			"faces": {
				"north": {"uv": [1, 10, 0.5, 14], "texture": "#overlay", "tintindex": 1},
				"east": {"uv": [1.5, 10, 1, 14], "texture": "#overlay", "tintindex": 1},
				"south": {"uv": [2, 10, 1.5, 14], "texture": "#overlay", "tintindex": 1},
				"west": {"uv": [0.5, 10, 0, 14], "texture": "#overlay", "tintindex": 1},
				"up": {"uv": [0.5, 10, 1, 9], "texture": "#overlay", "tintindex": 1},
				"down": {"uv": [1, 9, 1.5, 10], "texture": "#overlay", "tintindex": 1}
			}
		},
		{
			"name": "leg2",
			"from": [7.748, -0.248, 13.752],
			"to": [5.252, 8.256, 16.256],
			"rotation": {"angle": 0, "axis": "y", "origin": [6.5, 4.004, 15.004]},
			"faces": {
				"north": {"uv": [1, 10, 0.5, 14], "texture": "#overlay", "tintindex": 1},
				"east": {"uv": [1.5, 10, 1, 14], "texture": "#overlay", "tintindex": 1},
				"south": {"uv": [2, 10, 1.5, 14], "texture": "#overlay", "tintindex": 1},
				"west": {"uv": [0.5, 10, 0, 14], "texture": "#overlay", "tintindex": 1},
				"up": {"uv": [0.5, 10, 1, 9], "texture": "#overlay", "tintindex": 1},
				"down": {"uv": [1, 9, 1.5, 10], "texture": "#overlay", "tintindex": 1}
			}
		},
		{
			"name": "leg3",
			"from": [10.748, -0.248, 2.752],
			"to": [8.252, 8.256, 5.256],
			"rotation": {"angle": 0, "axis": "y", "origin": [9.5, 4.004, 4.004]},
			"faces": {
				"north": {"uv": [1, 10, 0.5, 14], "texture": "#overlay", "tintindex": 1},
				"east": {"uv": [1.5, 10, 1, 14], "texture": "#overlay", "tintindex": 1},
				"south": {"uv": [2, 10, 1.5, 14], "texture": "#overlay", "tintindex": 1},
				"west": {"uv": [0.5, 10, 0, 14], "texture": "#overlay", "tintindex": 1},
				"up": {"uv": [0.5, 10, 1, 9], "texture": "#overlay", "tintindex": 1},
				"down": {"uv": [1, 9, 1.5, 10], "texture": "#overlay", "tintindex": 1}
			}
		},
		{
			"name": "leg4",
			"from": [7.748, -0.248, 2.752],
			"to": [5.252, 8.256, 5.256],
			"rotation": {"angle": 0, "axis": "y", "origin": [6.5, 4.004, 4.004]},
			"faces": {
				"north": {"uv": [1, 10, 0.5, 14], "texture": "#overlay", "tintindex": 1},
				"east": {"uv": [1.5, 10, 1, 14], "texture": "#overlay", "tintindex": 1},
				"south": {"uv": [2, 10, 1.5, 14], "texture": "#overlay", "tintindex": 1},
				"west": {"uv": [0.5, 10, 0, 14], "texture": "#overlay", "tintindex": 1},
				"up": {"uv": [0.5, 10, 1, 9], "texture": "#overlay", "tintindex": 1},
				"down": {"uv": [1, 9, 1.5, 10], "texture": "#overlay", "tintindex": 1}
			}
		},
		{
			"name": "tail",
			"from": [9.248, 3.752, 16.752],
			"to": [6.75, 12.256, 19.256],
			"rotation": {"angle": 0, "axis": "y", "origin": [7.999, 8.004, 18.004]},
			"faces": {
				"north": {"uv": [3.25, 10, 2.75, 14], "texture": "#overlay", "tintindex": 1},
				"east": {"uv": [3.75, 10, 3.25, 14], "texture": "#overlay", "tintindex": 1},
				"south": {"uv": [4.25, 10, 3.75, 14], "texture": "#overlay", "tintindex": 1},
				"west": {"uv": [2.75, 10, 2.25, 14], "texture": "#overlay", "tintindex": 1},
				"up": {"uv": [2.75, 10, 3.25, 9], "texture": "#overlay", "tintindex": 1},
				"down": {"uv": [3.25, 9, 3.75, 10], "texture": "#overlay", "tintindex": 1}
			}
		}
	],
	"display": {
		"thirdperson_righthand": {
			"rotation": [75, 45, 0],
			"translation": [0, 2.5, 0],
			"scale": [0.375, 0.375, 0.375]
		},
		"firstperson_righthand": {
			"rotation": [0, 45, 0],
			"scale": [0.4, 0.4, 0.4]
		},
		"gui": {
			"rotation": [30, 135, 0],
			"scale": [0.625, 0.625, 0.625]
		},
		"head": {
			"translation": [0, 16, 0]
		},
		"fixed": {
			"rotation": [0, -90, 0],
			"translation": [0, 0, 1],
			"scale": [0.75, 0.75, 0.75]
		}
	},
	"groups": [
		0,
		1,
		2,
		3,
		4,
		5,
		6,
		7,
		8,
		9,
		10,
		{
			"name": "inner_faces",
			"origin": [7.999, 8.004, 18.004],
			"color": 0,
			"children": [11, 12, 13, 14, 15, 16, 17, 18, 19, 20, 21]
		},
		{
			"name": "overlay",
			"origin": [8, 8, 8],
			"color": 0,
			"children": [
				22,
				23,
				24,
				25,
				26,
				27,
				28,
				29,
				30,
				31,
				32,
				{
					"name": "inner_faces",
					"origin": [7.999, 8.004, 18.004],
					"color": 0,
					"children": [33, 34, 35, 36, 37, 38, 39, 40, 41, 42, 43]
				}
			]
		}
	]
}