{
    "parent": "block/block",
    "display": {
        "gui": {
            "rotation": [30, -45, 0],
            "translation": [0, -1, 0],
            "scale":[0.625, 0.625, 0.625]
        },
        "fixed": {
            "rotation": [0, 180, 0],
            "translation": [0, -0.5, 1],
            "scale":[0.75, 0.75, 0.75]
        },
        "thirdperson_righthand": {
            "rotation": [0, -90, 0],
            "translation": [0, 2, 0],
            "scale": [0.375, 0.375, 0.375]
        },
        "firstperson_righthand": {
            "rotation": [0, -45, 0],
            "translation": [0, 0, 0],
            "scale": [0.4, 0.4, 0.4]
        },
        "head": {
            "rotation": [0, 180, 0],
            "translation": [0, 12, 7],
            "scale": [1, 1, 1]
        }
    }
}
