{
	"parent": "block/block",
	"textures": {
		"painting": "painting/courbet",
		"particle": "painting/back",
		"back": "painting/back"
	},
	"elements": [
		{
			"from": [8, 0, 7.5],
			"to": [24, 16, 8.5],
			"rotation": {"angle": 0, "axis": "y", "origin": [16, 8, 8]},
			"faces": {
				"north": {"uv": [0, 0, 8, 16], "texture": "#painting"},
				"east": {"uv": [15, 0, 16, 16], "texture": "#back"},
				"south": {"uv": [0, 0, 16, 16], "texture": "#back"},
				"west": {"uv": [0, 0, 1, 16], "texture": "#back"},
				"up": {"uv": [0, 0, 16, 1], "rotation": 180, "texture": "#back"},
				"down": {"uv": [0, 15, 16, 16], "rotation": 180, "texture": "#back"}
			}
		},
		{
			"from": [-8, 0, 7.5],
			"to": [8, 16, 8.5],
			"rotation": {"angle": 0, "axis": "y", "origin": [0, 8, 8]},
			"faces": {
				"north": {"uv": [8, 0, 16, 16], "texture": "#painting"},
				"east": {"uv": [15, 0, 16, 16], "texture": "#back"},
				"south": {"uv": [0, 0, 16, 16], "texture": "#back"},
				"west": {"uv": [0, 0, 1, 16], "texture": "#back"},
				"up": {"uv": [0, 0, 16, 1], "rotation": 180, "texture": "#back"},
				"down": {"uv": [0, 15, 16, 16], "rotation": 180, "texture": "#back"}
			}
		}
	],
	"display": {
		"head": {
			"translation": [0, 0, -8]
		}
	}
}