{
	"parent": "block/block",
	"texture_size": [48, 64],
	"textures": {
		"2": "painting/back",
		"particle": "painting/back",
		"painting": "painting/backyard"
	},
	"elements": [
		{
			"from": [4, 0, 7.75],
			"to": [12, 8, 8.25],
			"rotation": {"angle": 0, "axis": "y", "origin": [12, 4, 8]},
			"faces": {
				"north": {"uv": [5.33333, 8, 10.66667, 12], "texture": "#painting"},
				"east": {"uv": [15, 0, 16, 16], "texture": "#2"},
				"south": {"uv": [0, 0, 16, 16], "texture": "#2"},
				"west": {"uv": [0, 0, 1, 16], "texture": "#2"},
				"up": {"uv": [0, 0, 16, 1], "rotation": 180, "texture": "#2"},
				"down": {"uv": [0, 15, 16, 16], "rotation": 180, "texture": "#2"}
			}
		},
		{
			"from": [4, -8, 7.75],
			"to": [12, 0, 8.25],
			"rotation": {"angle": 0, "axis": "y", "origin": [12, -4, 8]},
			"faces": {
				"north": {"uv": [5.33333, 12, 10.66667, 16], "texture": "#painting"},
				"east": {"uv": [15, 0, 16, 16], "texture": "#2"},
				"south": {"uv": [0, 0, 16, 16], "texture": "#2"},
				"west": {"uv": [0, 0, 1, 16], "texture": "#2"},
				"up": {"uv": [0, 0, 16, 1], "rotation": 180, "texture": "#2"},
				"down": {"uv": [0, 15, 16, 16], "rotation": 180, "texture": "#2"}
			}
		},
		{
			"from": [4, 8, 7.75],
			"to": [12, 16, 8.25],
			"rotation": {"angle": 0, "axis": "y", "origin": [12, 12, 8]},
			"faces": {
				"north": {"uv": [5.33333, 4, 10.66667, 8], "texture": "#painting"},
				"east": {"uv": [15, 0, 16, 16], "texture": "#2"},
				"south": {"uv": [0, 0, 16, 16], "texture": "#2"},
				"west": {"uv": [0, 0, 1, 16], "texture": "#2"},
				"up": {"uv": [0, 0, 16, 1], "rotation": 180, "texture": "#2"},
				"down": {"uv": [0, 15, 16, 16], "rotation": 180, "texture": "#2"}
			}
		},
		{
			"from": [4, 16, 7.75],
			"to": [12, 24, 8.25],
			"rotation": {"angle": 0, "axis": "y", "origin": [12, 20, 8]},
			"faces": {
				"north": {"uv": [5.33333, 0, 10.66667, 4], "texture": "#painting"},
				"east": {"uv": [15, 0, 16, 16], "texture": "#2"},
				"south": {"uv": [0, 0, 16, 16], "texture": "#2"},
				"west": {"uv": [0, 0, 1, 16], "texture": "#2"},
				"up": {"uv": [0, 0, 16, 1], "rotation": 180, "texture": "#2"},
				"down": {"uv": [0, 15, 16, 16], "rotation": 180, "texture": "#2"}
			}
		},
		{
			"from": [-4, -8, 7.75],
			"to": [4, 0, 8.25],
			"rotation": {"angle": 0, "axis": "y", "origin": [4, -4, 8]},
			"faces": {
				"north": {"uv": [10.66667, 12, 16, 16], "texture": "#painting"},
				"east": {"uv": [15, 0, 16, 16], "texture": "#2"},
				"south": {"uv": [0, 0, 16, 16], "texture": "#2"},
				"west": {"uv": [0, 0, 1, 16], "texture": "#2"},
				"up": {"uv": [0, 0, 16, 1], "rotation": 180, "texture": "#2"},
				"down": {"uv": [0, 15, 16, 16], "rotation": 180, "texture": "#2"}
			}
		},
		{
			"from": [-4, 0, 7.75],
			"to": [4, 8, 8.25],
			"rotation": {"angle": 0, "axis": "y", "origin": [4, 4, 8]},
			"faces": {
				"north": {"uv": [10.66667, 8, 16, 12], "texture": "#painting"},
				"east": {"uv": [15, 0, 16, 16], "texture": "#2"},
				"south": {"uv": [0, 0, 16, 16], "texture": "#2"},
				"west": {"uv": [0, 0, 1, 16], "texture": "#2"},
				"up": {"uv": [0, 0, 16, 1], "rotation": 180, "texture": "#2"},
				"down": {"uv": [0, 15, 16, 16], "rotation": 180, "texture": "#2"}
			}
		},
		{
			"from": [-4, 8, 7.75],
			"to": [4, 16, 8.25],
			"rotation": {"angle": 0, "axis": "y", "origin": [4, 12, 8]},
			"faces": {
				"north": {"uv": [10.66667, 4, 16, 8], "texture": "#painting"},
				"east": {"uv": [15, 0, 16, 16], "texture": "#2"},
				"south": {"uv": [0, 0, 16, 16], "texture": "#2"},
				"west": {"uv": [0, 0, 1, 16], "texture": "#2"},
				"up": {"uv": [0, 0, 16, 1], "rotation": 180, "texture": "#2"},
				"down": {"uv": [0, 15, 16, 16], "rotation": 180, "texture": "#2"}
			}
		},
		{
			"from": [-4, 16, 7.75],
			"to": [4, 24, 8.25],
			"rotation": {"angle": 0, "axis": "y", "origin": [4, 20, 8]},
			"faces": {
				"north": {"uv": [10.66667, 0, 16, 4], "texture": "#painting"},
				"east": {"uv": [15, 0, 16, 16], "texture": "#2"},
				"south": {"uv": [0, 0, 16, 16], "texture": "#2"},
				"west": {"uv": [0, 0, 1, 16], "texture": "#2"},
				"up": {"uv": [0, 0, 16, 1], "rotation": 180, "texture": "#2"},
				"down": {"uv": [0, 15, 16, 16], "rotation": 180, "texture": "#2"}
			}
		},
		{
			"from": [12, -8, 7.75],
			"to": [20, 0, 8.25],
			"rotation": {"angle": 0, "axis": "y", "origin": [20, -4, 8]},
			"faces": {
				"north": {"uv": [0, 12, 5.33333, 16], "texture": "#painting"},
				"east": {"uv": [15, 0, 16, 16], "texture": "#2"},
				"south": {"uv": [0, 0, 16, 16], "texture": "#2"},
				"west": {"uv": [0, 0, 1, 16], "texture": "#2"},
				"up": {"uv": [0, 0, 16, 1], "rotation": 180, "texture": "#2"},
				"down": {"uv": [0, 15, 16, 16], "rotation": 180, "texture": "#2"}
			}
		},
		{
			"from": [12, 0, 7.75],
			"to": [20, 8, 8.25],
			"rotation": {"angle": 0, "axis": "y", "origin": [20, 4, 8]},
			"faces": {
				"north": {"uv": [0, 8, 5.33333, 12], "texture": "#painting"},
				"east": {"uv": [15, 0, 16, 16], "texture": "#2"},
				"south": {"uv": [0, 0, 16, 16], "texture": "#2"},
				"west": {"uv": [0, 0, 1, 16], "texture": "#2"},
				"up": {"uv": [0, 0, 16, 1], "rotation": 180, "texture": "#2"},
				"down": {"uv": [0, 15, 16, 16], "rotation": 180, "texture": "#2"}
			}
		},
		{
			"from": [12, 8, 7.75],
			"to": [20, 16, 8.25],
			"rotation": {"angle": 0, "axis": "y", "origin": [20, 12, 8]},
			"faces": {
				"north": {"uv": [0, 4, 5.33333, 8], "texture": "#painting"},
				"east": {"uv": [15, 0, 16, 16], "texture": "#2"},
				"south": {"uv": [0, 0, 16, 16], "texture": "#2"},
				"west": {"uv": [0, 0, 1, 16], "texture": "#2"},
				"up": {"uv": [0, 0, 16, 1], "rotation": 180, "texture": "#2"},
				"down": {"uv": [0, 15, 16, 16], "rotation": 180, "texture": "#2"}
			}
		},
		{
			"from": [12, 16, 7.75],
			"to": [20, 24, 8.25],
			"rotation": {"angle": 0, "axis": "y", "origin": [20, 20, 8]},
			"faces": {
				"north": {"uv": [0, 0, 5.33333, 4], "texture": "#painting"},
				"east": {"uv": [15, 0, 16, 16], "texture": "#2"},
				"south": {"uv": [0, 0, 16, 16], "texture": "#2"},
				"west": {"uv": [0, 0, 1, 16], "texture": "#2"},
				"up": {"uv": [0, 0, 16, 1], "rotation": 180, "texture": "#2"},
				"down": {"uv": [0, 15, 16, 16], "rotation": 180, "texture": "#2"}
			}
		}
	],
	"display": {
		"head": {
			"translation": [0, 0, -8],
			"scale": [2, 2, 2]
		},
		"gui": {
            "rotation": [30, 135, 0],
            "translation": [0, 0, 0],
			"scale": [0.43, 0.43, 0.43]
		},
        "ground": {
            "rotation": [0, 0, 0],
            "translation": [0, 3, 0],
            "scale":[0.5, 0.5, 0.5]
        },
        "fixed": {
            "rotation": [0, 0, 0],
            "translation": [0, 0, 1],
            "scale":[1.5, 1.5, 1.5]
		},
        "firstperson_righthand": {
            "rotation": [0, 135, 0],
            "translation": [0, 0, 0],
            "scale": [0.8, 0.8, 0.8]
		},
        "thirdperson_righthand": {
            "rotation": [75, 45, 0],
            "translation": [0, 2.5, 0],
            "scale": [0.75, 0.75, 0.75]
        }
	}
}