{
	"parent": "block/block",
	"textures": {
		"painting": "painting/donkey_kong",
		"particle": "painting/back",
		"back": "painting/back"
	},
	"elements": [
		{
			"from": [8, -4, 7.75],
			"to": [16, 4, 8.25],
			"rotation": {"angle": 0, "axis": "y", "origin": [16, 4, 8]},
			"faces": {
				"north": {"uv": [4, 10.66667, 8, 16], "texture": "#painting"},
				"east": {"uv": [15, 0, 16, 16], "texture": "#back"},
				"south": {"uv": [0, 0, 16, 16], "texture": "#back"},
				"west": {"uv": [0, 0, 1, 16], "texture": "#back"},
				"up": {"uv": [0, 1, 16, 0], "texture": "#back"},
				"down": {"uv": [0, 15, 16, 16], "rotation": 180, "texture": "#back"}
			}
		},
		{
			"from": [0, -4, 7.75],
			"to": [8, 4, 8.25],
			"rotation": {"angle": 0, "axis": "y", "origin": [8, 4, 8]},
			"faces": {
				"north": {"uv": [8, 10.66667, 12, 16], "texture": "#painting"},
				"east": {"uv": [15, 0, 16, 16], "texture": "#back"},
				"south": {"uv": [0, 0, 16, 16], "texture": "#back"},
				"west": {"uv": [0, 0, 1, 16], "texture": "#back"},
				"up": {"uv": [0, 1, 16, 0], "texture": "#back"},
				"down": {"uv": [0, 15, 16, 16], "rotation": 180, "texture": "#back"}
			}
		},
		{
			"from": [-8, -4, 7.75],
			"to": [0, 4, 8.25],
			"rotation": {"angle": 0, "axis": "y", "origin": [0, 4, 8]},
			"faces": {
				"north": {"uv": [12, 10.66667, 16, 16], "texture": "#painting"},
				"east": {"uv": [15, 0, 16, 16], "texture": "#back"},
				"south": {"uv": [0, 0, 16, 16], "texture": "#back"},
				"west": {"uv": [0, 0, 1, 16], "texture": "#back"},
				"up": {"uv": [0, 1, 16, 0], "texture": "#back"},
				"down": {"uv": [0, 15, 16, 16], "rotation": 180, "texture": "#back"}
			}
		},
		{
			"from": [16, -4, 7.75],
			"to": [24, 4, 8.25],
			"rotation": {"angle": 0, "axis": "y", "origin": [24, 4, 8]},
			"faces": {
				"north": {"uv": [0, 10.66667, 4, 16], "texture": "#painting"},
				"east": {"uv": [15, 0, 16, 16], "texture": "#back"},
				"south": {"uv": [0, 0, 16, 16], "texture": "#back"},
				"west": {"uv": [0, 0, 1, 16], "texture": "#back"},
				"up": {"uv": [0, 1, 16, 0], "texture": "#back"},
				"down": {"uv": [0, 15, 16, 16], "rotation": 180, "texture": "#back"}
			}
		},
		{
			"from": [-8, 4, 7.75],
			"to": [0, 12, 8.25],
			"rotation": {"angle": 0, "axis": "y", "origin": [0, 12, 8.25]},
			"faces": {
				"north": {"uv": [12, 5.33333, 16, 10.66667], "texture": "#painting"},
				"east": {"uv": [15, 0, 16, 16], "texture": "#back"},
				"south": {"uv": [0, 0, 16, 16], "texture": "#back"},
				"west": {"uv": [0, 0, 1, 16], "texture": "#back"},
				"up": {"uv": [0, 1, 16, 0], "texture": "#back"},
				"down": {"uv": [0, 15, 16, 16], "rotation": 180, "texture": "#back"}
			}
		},
		{
			"from": [0, 4, 7.75],
			"to": [8, 12, 8.25],
			"rotation": {"angle": 0, "axis": "y", "origin": [8, 12, 8]},
			"faces": {
				"north": {"uv": [8, 5.33333, 12, 10.66667], "texture": "#painting"},
				"east": {"uv": [15, 0, 16, 16], "texture": "#back"},
				"south": {"uv": [0, 0, 16, 16], "texture": "#back"},
				"west": {"uv": [0, 0, 1, 16], "texture": "#back"},
				"up": {"uv": [0, 1, 16, 0], "texture": "#back"},
				"down": {"uv": [0, 15, 16, 16], "rotation": 180, "texture": "#back"}
			}
		},
		{
			"from": [8, 4, 7.75],
			"to": [16, 12, 8.25],
			"rotation": {"angle": 0, "axis": "y", "origin": [16, 12, 8]},
			"faces": {
				"north": {"uv": [4, 5.33333, 8, 10.66667], "texture": "#painting"},
				"east": {"uv": [15, 0, 16, 16], "texture": "#back"},
				"south": {"uv": [0, 0, 16, 16], "texture": "#back"},
				"west": {"uv": [0, 0, 1, 16], "texture": "#back"},
				"up": {"uv": [0, 1, 16, 0], "texture": "#back"},
				"down": {"uv": [0, 15, 16, 16], "rotation": 180, "texture": "#back"}
			}
		},
		{
			"from": [16, 4, 7.75],
			"to": [24, 12, 8.25],
			"rotation": {"angle": 0, "axis": "y", "origin": [24, 12, 8]},
			"faces": {
				"north": {"uv": [0, 5.33333, 4, 10.66667], "texture": "#painting"},
				"east": {"uv": [15, 0, 16, 16], "texture": "#back"},
				"south": {"uv": [0, 0, 16, 16], "texture": "#back"},
				"west": {"uv": [0, 0, 1, 16], "texture": "#back"},
				"up": {"uv": [0, 1, 16, 0], "texture": "#back"},
				"down": {"uv": [0, 15, 16, 16], "rotation": 180, "texture": "#back"}
			}
		},
		{
			"from": [16, 12, 7.75],
			"to": [24, 20, 8.25],
			"rotation": {"angle": 0, "axis": "y", "origin": [24, 20, 8]},
			"faces": {
				"north": {"uv": [0, 0, 4, 5.33333], "texture": "#painting"},
				"east": {"uv": [15, 0, 16, 16], "texture": "#back"},
				"south": {"uv": [0, 0, 16, 16], "texture": "#back"},
				"west": {"uv": [0, 0, 1, 16], "texture": "#back"},
				"up": {"uv": [0, 1, 16, 0], "texture": "#back"},
				"down": {"uv": [0, 15, 16, 16], "rotation": 180, "texture": "#back"}
			}
		},
		{
			"from": [0, 12, 7.75],
			"to": [8, 20, 8.25],
			"rotation": {"angle": 0, "axis": "y", "origin": [8, 20, 8]},
			"faces": {
				"north": {"uv": [8, 0, 12, 5.33333], "texture": "#painting"},
				"east": {"uv": [15, 0, 16, 16], "texture": "#back"},
				"south": {"uv": [0, 0, 16, 16], "texture": "#back"},
				"west": {"uv": [0, 0, 1, 16], "texture": "#back"},
				"up": {"uv": [0, 1, 16, 0], "texture": "#back"},
				"down": {"uv": [0, 15, 16, 16], "rotation": 180, "texture": "#back"}
			}
		},
		{
			"from": [8, 12, 7.75],
			"to": [16, 20, 8.25],
			"rotation": {"angle": 0, "axis": "y", "origin": [16, 20, 8]},
			"faces": {
				"north": {"uv": [4, 0, 8, 5.33333], "texture": "#painting"},
				"east": {"uv": [15, 0, 16, 16], "texture": "#back"},
				"south": {"uv": [0, 0, 16, 16], "texture": "#back"},
				"west": {"uv": [0, 0, 1, 16], "texture": "#back"},
				"up": {"uv": [0, 1, 16, 0], "texture": "#back"},
				"down": {"uv": [0, 15, 16, 16], "rotation": 180, "texture": "#back"}
			}
		},
		{
			"from": [-8, 12, 7.75],
			"to": [0, 20, 8.25],
			"rotation": {"angle": 0, "axis": "y", "origin": [0, 20, 8.25]},
			"faces": {
				"north": {"uv": [12, 0, 16, 5.33333], "texture": "#painting"},
				"east": {"uv": [15, 0, 16, 16], "texture": "#back"},
				"south": {"uv": [0, 0, 16, 16], "texture": "#back"},
				"west": {"uv": [0, 0, 1, 16], "texture": "#back"},
				"up": {"uv": [0, 1, 16, 0], "texture": "#back"},
				"down": {"uv": [0, 15, 16, 16], "rotation": 180, "texture": "#back"}
			}
		}
	],
	"display": {
		"head": {
			"translation": [0, 0, -8],
			"scale": [2, 2, 2]
		},
		"gui": {
            "rotation": [30, 135, 0],
            "translation": [0, 0, 0],
			"scale": [0.48, 0.48, 0.48]
		},
        "ground": {
            "rotation": [0, 0, 0],
            "translation": [0, 3, 0],
            "scale":[0.5, 0.5, 0.5]
        },
        "fixed": {
            "rotation": [0, 0, 0],
            "translation": [0, 0, 1],
            "scale":[1.5, 1.5, 1.5]
		},
        "firstperson_righthand": {
            "rotation": [0, 135, 0],
            "translation": [0, 0, 0],
            "scale": [0.8, 0.8, 0.8]
		},
        "thirdperson_righthand": {
            "rotation": [75, 45, 0],
            "translation": [0, 2.5, 0],
            "scale": [0.75, 0.75, 0.75]
        }
	}
}