{
  "model": {
    "type": "minecraft:select",
    "property": "minecraft:component",
    "component": "minecraft:painting/variant",
    "cases": [
      {
        "model": {
          "type": "minecraft:model",
          "model": "minecraft:item/paintings/alban"
        },
        "when": "minecraft:alban"
      },
      {
        "model": {
          "type": "minecraft:model",
          "model": "minecraft:item/paintings/aztec"
        },
        "when": "minecraft:aztec"
      },
      {
        "model": {
          "type": "minecraft:model",
          "model": "minecraft:item/paintings/aztec2"
        },
        "when": "minecraft:aztec2"
      },
      {
        "model": {
          "type": "minecraft:model",
          "model": "minecraft:item/paintings/backyard"
        },
        "when": "minecraft:backyard"
      },
      {
        "model": {
          "type": "minecraft:model",
          "model": "minecraft:item/paintings/baroque"
        },
        "when": "minecraft:baroque"
      },
      {
        "model": {
          "type": "minecraft:model",
          "model": "minecraft:item/paintings/bomb"
        },
        "when": "minecraft:bomb"
      },
      {
        "model": {
          "type": "minecraft:model",
          "model": "minecraft:item/paintings/bouquet"
        },
        "when": "minecraft:bouquet"
      },
      {
        "model": {
          "type": "minecraft:model",
          "model": "minecraft:item/paintings/burning_skull"
        },
        "when": "minecraft:burning_skull"
      },
      {
        "model": {
          "type": "minecraft:model",
          "model": "minecraft:item/paintings/bust"
        },
        "when": "minecraft:bust"
      },
            {
        "model": {
          "type": "minecraft:model",
          "model": "minecraft:item/paintings/cavebird"
        },
        "when": "minecraft:cavebird"
      },
      {
        "model": {
          "type": "minecraft:model",
          "model": "minecraft:item/paintings/changing"
        },
        "when": "minecraft:changing"
      },
      {
        "model": {
          "type": "minecraft:model",
          "model": "minecraft:item/paintings/cotan"
        },
        "when": "minecraft:cotan"
      },
      {
        "model": {
          "type": "minecraft:model",
          "model": "minecraft:item/paintings/courbet"
        },
        "when": "minecraft:courbet"
      },
      {
        "model": {
          "type": "minecraft:model",
          "model": "minecraft:item/paintings/creebet"
        },
        "when": "minecraft:creebet"
      },
      {
        "model": {
          "type": "minecraft:model",
          "model": "minecraft:item/paintings/donkey_kong"
        },
        "when": "minecraft:donkey_kong"
      },
      {
        "model": {
          "type": "minecraft:model",
          "model": "minecraft:item/paintings/earth"
        },
        "when": "minecraft:earth"
      },
      {
        "model": {
          "type": "minecraft:model",
          "model": "minecraft:item/paintings/endboss"
        },
        "when": "minecraft:endboss"
      },
      {
        "model": {
          "type": "minecraft:model",
          "model": "minecraft:item/paintings/fern"
        },
        "when": "minecraft:fern"
      },
      {
        "model": {
          "type": "minecraft:model",
          "model": "minecraft:item/paintings/fighters"
        },
        "when": "minecraft:fighters"
      },
      {
        "model": {
          "type": "minecraft:model",
          "model": "minecraft:item/paintings/finding"
        },
        "when": "minecraft:finding"
      },
      {
        "model": {
          "type": "minecraft:model",
          "model": "minecraft:item/paintings/fire"
        },
        "when": "minecraft:fire"
      },
      {
        "model": {
          "type": "minecraft:model",
          "model": "minecraft:item/paintings/graham"
        },
        "when": "minecraft:graham"
      },
      {
        "model": {
          "type": "minecraft:model",
          "model": "minecraft:item/paintings/humble"
        },
        "when": "minecraft:humble"
      },
      {
        "model": {
          "type": "minecraft:model",
          "model": "minecraft:item/paintings/kebab"
        },
        "when": "minecraft:kebab"
      },
      {
        "model": {
          "type": "minecraft:model",
          "model": "minecraft:item/paintings/lowmist"
        },
        "when": "minecraft:lowmist"
      },
      {
        "model": {
          "type": "minecraft:model",
          "model": "minecraft:item/paintings/match"
        },
        "when": "minecraft:match"
      },
      {
        "model": {
          "type": "minecraft:model",
          "model": "minecraft:item/paintings/meditative"
        },
        "when": "minecraft:meditative"
      },
      {
        "model": {
          "type": "minecraft:model",
          "model": "minecraft:item/paintings/orb"
        },
        "when": "minecraft:orb"
      },
      {
        "model": {
          "type": "minecraft:model",
          "model": "minecraft:item/paintings/owlemons"
        },
        "when": "minecraft:owlemons"
      },
      {
        "model": {
          "type": "minecraft:model",
          "model": "minecraft:item/paintings/passage"
        },
        "when": "minecraft:passage"
      },
      {
        "model": {
          "type": "minecraft:model",
          "model": "minecraft:item/paintings/pigscene"
        },
        "when": "minecraft:pigscene"
      },
      {
        "model": {
          "type": "minecraft:model",
          "model": "minecraft:item/paintings/plant"
        },
        "when": "minecraft:plant"
      },
      {
        "model": {
          "type": "minecraft:model",
          "model": "minecraft:item/paintings/pointer"
        },
        "when": "minecraft:pointer"
      },
      {
        "model": {
          "type": "minecraft:model",
          "model": "minecraft:item/paintings/pond"
        },
        "when": "minecraft:pond"
      },
      {
        "model": {
          "type": "minecraft:model",
          "model": "minecraft:item/paintings/pool"
        },
        "when": "minecraft:pool"
      },
      {
        "model": {
          "type": "minecraft:model",
          "model": "minecraft:item/paintings/prairie_ride"
        },
        "when": "minecraft:prairie_ride"
      },
      {
        "model": {
          "type": "minecraft:model",
          "model": "minecraft:item/paintings/sea"
        },
        "when": "minecraft:sea"
      },
      {
        "model": {
          "type": "minecraft:model",
          "model": "minecraft:item/paintings/skeleton"
        },
        "when": "minecraft:skeleton"
      },
      {
        "model": {
          "type": "minecraft:model",
          "model": "minecraft:item/paintings/skull_and_roses"
        },
        "when": "minecraft:skull_and_roses"
      },
      {
        "model": {
          "type": "minecraft:model",
          "model": "minecraft:item/paintings/stage"
        },
        "when": "minecraft:stage"
      },
      {
        "model": {
          "type": "minecraft:model",
          "model": "minecraft:item/paintings/sunflowers"
        },
        "when": "minecraft:sunflowers"
      },
      {
        "model": {
          "type": "minecraft:model",
          "model": "minecraft:item/paintings/sunset"
        },
        "when": "minecraft:sunset"
      },
      {
        "model": {
          "type": "minecraft:model",
          "model": "minecraft:item/paintings/tides"
        },
        "when": "minecraft:tides"
      },
      {
        "model": {
          "type": "minecraft:model",
          "model": "minecraft:item/paintings/unpacked"
        },
        "when": "minecraft:unpacked"
      },
      {
        "model": {
          "type": "minecraft:model",
          "model": "minecraft:item/paintings/void"
        },
        "when": "minecraft:void"
      },
      {
        "model": {
          "type": "minecraft:model",
          "model": "minecraft:item/paintings/wanderer"
        },
        "when": "minecraft:wanderer"
      },
      {
        "model": {
          "type": "minecraft:model",
          "model": "minecraft:item/paintings/wasteland"
        },
        "when": "minecraft:wasteland"
      },
      {
        "model": {
          "type": "minecraft:model",
          "model": "minecraft:item/paintings/water"
        },
        "when": "minecraft:water"
      },
      {
        "model": {
          "type": "minecraft:model",
          "model": "minecraft:item/paintings/wind"
        },
        "when": "minecraft:wind"
      },
      {
        "model": {
          "type": "minecraft:model",
          "model": "minecraft:item/paintings/wither"
        },
        "when": "minecraft:wither"
      }
    ],
    "fallback": {
      "type": "minecraft:model",
      "model": "minecraft:item/paintings/alban"
    }
  }
}